user_id,accuracy_mean,accuracy_std,avg_response_latency_mean,avg_response_latency_std,hint_rate_mean,hint_rate_std,completion_rate_mean,completion_rate_std
U0001,0.7346166666666667,0.021466664078674765,7.468,0.5,0.1963,0.02,0.78335,0.02
U0002,0.8786166666666667,0.02,5.4206666666666665,0.5,0.12321666666666665,0.02,0.9144333333333333,0.02
U0003,0.9443833333333332,0.02,4.8655,0.5,0.1959,0.020011696579750545,0.8444166666666666,0.02686926993177642
U0004,0.6956333333333333,0.02,5.139333333333333,0.5891256798567407,0.1783,0.0347564670241381,0.9232833333333333,0.02
U0005,0.7422166666666666,0.02,7.057333333333333,0.8113452204004575,0.1337,0.02,0.9411,0.028215740288002358
U0006,0.84665,0.02699131341746819,6.2443333333333335,0.5,0.07958333333333334,0.02,0.7651833333333333,0.021601705179607134
U0007,0.7946333333333334,0.03663919576992194,5.877833333333334,0.5,0.10781666666666667,0.0299740832498121,0.8950333333333332,0.02592247416175134
U0008,0.8500333333333333,0.02,9.100833333333334,0.5,0.13706666666666667,0.02,0.8501833333333334,0.02
U0009,0.8134166666666666,0.0322414278013035,7.8808333333333325,0.564132047189899,0.13401666666666665,0.02,0.8014333333333333,0.029533619261219352
U0010,0.8274166666666667,0.02398177780454707,6.55,0.7096692187209475,0.15098333333333333,0.024767996823858537,0.9190666666666667,0.023938142506607852
U0011,0.7786333333333334,0.02613462581837871,6.2135,0.6164682473574773,0.12786666666666666,0.025597395700865094,0.8916833333333334,0.03772396674087531
U0012,0.8052833333333332,0.02006533495027354,7.445,0.7464449075450915,0.12075000000000001,0.02,0.8374,0.02922019849350782
U0013,0.7644666666666667,0.02,7.91,0.5,0.12736666666666666,0.02,0.80625,0.02
U0014,0.848,0.02642877220000961,8.408666666666667,0.5,0.14783333333333334,0.02628982059023353,0.8546833333333334,0.02
U0015,0.8156333333333333,0.020576847831158894,7.064666666666667,0.5,0.17211666666666667,0.03003007936497449,0.8526333333333334,0.03786901987993174
U0016,0.7460833333333333,0.02002981943669655,5.991499999999999,0.5,0.17798333333333335,0.02,0.8388,0.03328459102948388
U0017,0.6529333333333334,0.02,4.1963333333333335,0.5119674468817981,0.21045,0.027350447893955958,0.73835,0.02
U0018,0.81685,0.029804613736802578,6.3335,0.5352987016610443,0.2242333333333333,0.024271931663274494,0.9381666666666666,0.026189590807545415
U0019,0.72955,0.02,4.093166666666667,0.5372364159908248,0.08768333333333334,0.02,0.7713833333333334,0.026116157195626356
U0020,0.6783333333333333,0.023012315543349062,4.569833333333333,0.5,0.1728333333333333,0.02,0.8927499999999999,0.02000077498498496
U0021,0.7719,0.027652775629220288,5.8870000000000005,0.5165148594183913,0.14523333333333333,0.02,0.8836666666666666,0.02660253120788825
U0022,0.8332166666666666,0.02835174891724791,5.147333333333333,0.5,0.11933333333333333,0.02,0.8997833333333333,0.02
U0023,0.8421166666666666,0.02,5.570333333333333,0.5334190347809743,0.05231666666666667,0.02,0.8489333333333334,0.02
U0024,0.8449333333333334,0.023632407128065986,8.051499999999999,0.6147187161621157,0.1268,0.02,0.8758166666666667,0.02
U0025,0.6970666666666666,0.02968532746436641,4.848166666666667,0.5,0.09855000000000001,0.02,0.8290833333333333,0.022973586282221275
U0026,0.7948666666666666,0.03763390315482393,8.198500000000001,0.5,0.1257,0.02,0.9123333333333333,0.023849081044490312
U0027,0.6975000000000001,0.02065197327133656,8.382166666666667,0.5,0.1641,0.02,0.7953,0.02
U0028,0.9148999999999999,0.03946867112026953,6.5685,0.5,0.18575,0.027722103094823095,0.9401833333333333,0.02
U0029,0.7948,0.05009239463231919,3.4988333333333332,0.5,0.13073333333333334,0.021258190578378657,0.9133,0.02
U0030,0.8043166666666667,0.03248756172239872,7.620666666666668,0.6342695536336793,0.10913333333333335,0.02,0.8726333333333334,0.027052738616758675
U0031,0.6819500000000001,0.02,4.039833333333333,0.5,0.216,0.023524710412670326,0.9336666666666668,0.02736864385874216
U0032,0.8852000000000001,0.02,4.932666666666667,0.647253170457022,0.21071666666666666,0.02,0.9869166666666667,0.021780212732355624
U0033,0.9007999999999999,0.02,5.4235,0.5,0.17838333333333334,0.02,0.9175166666666666,0.02
U0034,0.7725666666666666,0.02,5.271999999999999,0.5868539852467564,0.08170000000000001,0.02,0.8676833333333334,0.030211349964320792
U0035,0.8386166666666667,0.02675357297010378,5.264833333333333,0.6021067734768201,0.09775,0.02,0.874,0.02434953798329655
U0036,0.8743166666666666,0.020127932498561922,4.7025,0.5,0.12505,0.02,0.9249999999999999,0.02
U0037,0.8357166666666668,0.026970681612941617,5.2973333333333334,0.5,0.12245,0.02,0.8412833333333333,0.02193913550408643
U0038,0.7616333333333333,0.03279424746303335,6.787333333333333,0.5641030638692426,0.15321666666666667,0.02,0.8977833333333334,0.02
U0039,0.7606833333333333,0.03221356339597755,5.7138333333333335,0.5,0.13621666666666668,0.024321876298235436,0.8259666666666666,0.02
U0040,0.8057,0.03529317214419811,6.520166666666667,0.5,0.18861666666666665,0.02,0.8674666666666666,0.02
U0041,0.8995833333333333,0.023051977500133637,9.156166666666666,0.5,0.19786666666666666,0.021721203158818498,0.9617333333333334,0.020133222957754826
U0042,0.85085,0.02,6.934333333333334,0.5,0.19448333333333334,0.02,0.8145833333333333,0.025799024529362863
U0043,0.68115,0.030558779425886754,5.343,0.7173253097444702,0.17608333333333334,0.025180739994421664,0.9194166666666667,0.02
U0044,0.7456833333333334,0.02,4.409666666666666,0.5,0.13975,0.02,0.9088833333333334,0.025385146575638843
U0045,0.87805,0.04089130714467317,6.700333333333333,0.5,0.15718333333333334,0.0214003193122595,0.8387833333333333,0.021031349615910713
U0046,0.7532666666666668,0.021053804090155913,3.2754999999999996,0.8130418808400954,0.15545,0.02279971491049834,0.8997333333333333,0.026852312128877565
U0047,0.94715,0.02,5.738833333333333,0.5,0.0687,0.02,0.9115833333333333,0.02364270853067953
U0048,0.7977333333333334,0.025573554048404494,4.528833333333334,0.5,0.22203333333333333,0.02,0.9032833333333333,0.04238345982416569
U0049,0.7789166666666666,0.02,6.186833333333333,0.5,0.1769333333333333,0.02,0.9023166666666667,0.02448170064898817
U0050,0.8228333333333334,0.02,4.926333333333333,0.5,0.09128333333333333,0.021883913422115944,0.9013833333333334,0.02642978748811018
U0051,0.7610833333333332,0.03066368644939267,5.595,0.5,0.13976666666666668,0.024595988832870022,0.7748333333333334,0.02411196107052813
U0052,0.8764500000000001,0.030465570731565188,6.6255,0.6919701583160938,0.08743333333333332,0.02,0.8171833333333334,0.02
U0053,0.8643333333333333,0.02,6.195166666666666,0.5,0.16425,0.023591163599958356,0.8725166666666667,0.022968884750171635
U0054,0.8260833333333334,0.03591575791580438,5.281,0.5,0.19573333333333334,0.02,0.8403833333333334,0.02313356147822175
U0055,0.8249166666666667,0.021730569865207557,5.353666666666666,0.5569745655473566,0.11525,0.02,0.9511833333333333,0.024293160903156804
U0056,0.7778333333333333,0.027857039804449202,3.2253333333333334,0.5,0.15855,0.02,0.8504666666666667,0.026047853398440856
U0057,0.8772500000000001,0.02,6.4046666666666665,0.5,0.23736666666666664,0.02,0.8554666666666666,0.022494236298809235
U0058,0.7967333333333334,0.02,6.531666666666666,0.6638372290453939,0.11061666666666668,0.02,0.9930833333333333,0.02
U0059,0.8198666666666666,0.02750408454514827,5.926666666666667,0.5433951294101435,0.13911666666666667,0.02,0.90305,0.04423531394711697
U0060,0.7212166666666667,0.029489958743047894,3.093166666666667,0.5,0.08950000000000001,0.025768663139557703,0.8247,0.022978598738826503
U0061,0.7513,0.021943017112512144,5.239,0.7232681383829929,0.15248333333333333,0.02,0.8544,0.02
U0062,0.8380333333333333,0.02214612080402946,4.994833333333333,0.5,0.19193333333333332,0.020645354602589573,0.7989166666666666,0.022472331135569016
U0063,0.7990833333333334,0.03130082533523144,6.846166666666666,0.5248879562979767,0.04713333333333333,0.02,0.91965,0.02
U0064,0.7937500000000001,0.02,2.8731666666666666,0.5514451619759363,0.13471666666666668,0.02632796358753686,0.9141333333333334,0.02032404159281972
U0065,0.7932333333333333,0.02859724928496913,4.134666666666667,0.5,0.09743333333333333,0.02,0.8621,0.02
U0066,0.8798499999999999,0.02794643089913273,4.91,0.5,0.06696666666666666,0.021044112399116927,0.8800333333333333,0.022807425691354667
U0067,0.7878166666666667,0.02303401108505998,6.73,0.5,0.1929,0.02,0.8508,0.027939219745726593
U0068,0.9017333333333334,0.02,3.449666666666667,0.5,0.18356666666666666,0.02,0.9282333333333334,0.03513013900722093
U0069,0.8965166666666667,0.02200076513820981,7.041166666666666,0.5,0.17953333333333332,0.02,0.97565,0.02
U0070,0.7236333333333334,0.023052085950444196,4.704,0.5,0.17545,0.02,0.956,0.02383610706470336
U0071,0.8626,0.02899530996557891,6.9366666666666665,0.5,0.12081666666666667,0.02,0.8755166666666666,0.02
U0072,0.7775500000000001,0.02985610490335267,6.0485,0.5,0.17573333333333332,0.023625297176261432,0.9017,0.04779656891451518
U0073,0.87155,0.03597014039449946,7.456666666666667,0.5,0.24143333333333336,0.02,0.9195666666666668,0.02
U0074,0.8303833333333333,0.028786692527393035,6.882833333333333,0.6940661111642508,0.1223,0.024208097818705213,0.85685,0.029522381340264543
U0075,0.8854833333333333,0.02,5.782666666666667,0.5558307895993768,0.15591666666666668,0.02233655449407242,0.7908666666666667,0.026048006961506016
U0076,0.8973,0.022659214461229666,5.717333333333333,0.5,0.14071666666666666,0.02675162923387409,0.7966833333333333,0.030476378831263175
U0077,0.73495,0.02,5.095,0.5,0.15691666666666668,0.02,0.9689333333333333,0.02
U0078,0.8265833333333333,0.030912807486002725,7.4295,0.6085394810527909,0.12866666666666668,0.021244826821291498,0.9634333333333333,0.023234944946495254
U0079,0.8788166666666667,0.028574773256609842,3.904666666666667,0.5,0.17794999999999997,0.02,0.9761833333333333,0.02
U0080,0.8284166666666667,0.031907329356539164,5.958833333333334,0.7104993783717665,0.11171666666666667,0.02,0.8561666666666667,0.02
U0081,0.7423833333333333,0.02,5.9111666666666665,0.5,0.12706666666666666,0.02,0.8405166666666667,0.024118160515815976
U0082,0.8025166666666667,0.02906918758181361,5.4943333333333335,0.5615990265898497,0.15768333333333331,0.025383885964656135,0.9101166666666667,0.034944494082282375
U0083,0.8623,0.03125712718725127,2.9455000000000005,0.6410627894364169,0.2070833333333333,0.02,0.8758333333333334,0.021540535431290177
U0084,0.8217666666666666,0.020421230782366323,4.323166666666666,0.5092152459094942,0.26733333333333337,0.02081544298511724,0.91145,0.03400074999172814
U0085,0.9065833333333333,0.03523370072340783,5.517833333333333,0.5,0.0964,0.02,0.8845999999999999,0.023283556429377336
U0086,0.8915666666666667,0.02,6.482333333333333,0.6114957617732657,0.21371666666666667,0.02313503115767661,0.8208666666666667,0.02422417525255848
U0087,0.8786833333333334,0.02,8.181833333333334,0.6731839025605607,0.19226666666666667,0.02,0.9753333333333334,0.02
U0088,0.7183999999999999,0.03993279354114861,6.839666666666666,0.5447688194699348,0.14011666666666667,0.02,0.9029833333333332,0.02
U0089,0.8664999999999999,0.020964827688297313,7.041666666666667,0.5,0.18243333333333334,0.02,0.9038166666666667,0.023720237491784694
U0090,0.8049,0.02,6.786833333333334,0.8346665002662239,0.17653333333333332,0.02,0.859,0.02834028934220678
U0091,0.7435,0.034431555294525976,7.756666666666667,0.6780503422804732,0.15928333333333333,0.02,0.9813833333333334,0.02
U0092,0.9366166666666667,0.0281408185145114,5.579000000000001,0.5,0.0527,0.02,0.8414,0.025724851797435104
U0093,0.8658333333333333,0.02,6.0424999999999995,0.6645433770642816,0.16674999999999998,0.029032516253332228,0.8392166666666666,0.02
U0094,0.8014333333333333,0.03008053634273611,5.3453333333333335,0.5,0.12343333333333334,0.02,0.8180833333333334,0.02
U0095,0.7642166666666667,0.034285589781519986,6.179166666666667,0.5116265890927353,0.12586666666666665,0.02,0.92645,0.029728420745138817
U0096,0.8018833333333334,0.030943394556296914,8.293166666666666,0.5,0.16365,0.02246897861497045,0.8164166666666667,0.02
U0097,0.7521,0.0425254747181028,6.625,0.5,0.20423333333333335,0.02,0.8721833333333332,0.02
U0098,0.8079999999999999,0.027529402463547948,5.527333333333334,0.5,0.124,0.02,0.8799,0.02184060438724169
U0099,0.80755,0.02891862721499762,6.627,0.571211694558156,0.19126666666666667,0.02123428046029973,0.88735,0.02964670302074075
U0100,0.8378166666666665,0.02028540526256913,4.0975,0.535228829567317,0.12219999999999999,0.02,0.9376000000000001,0.029810937590085976
U0101,0.7505833333333333,0.025142904897140786,7.061333333333334,0.5,0.1363,0.02,0.91,0.026628255669495123
U0102,0.8188166666666666,0.026012259930015047,6.7476666666666665,0.5,0.23215,0.02,0.9097166666666667,0.02284499215729056
U0103,0.8217166666666667,0.02,6.215,0.5,0.17958333333333332,0.027020467550852394,0.8482166666666666,0.02
U0104,0.7217166666666667,0.028620231771714685,9.234833333333333,0.6353882015482077,0.25675,0.02747120310434182,0.9602166666666667,0.029336899404447402
U0105,0.88415,0.02,6.921666666666667,0.5,0.10713333333333334,0.02,0.9337833333333334,0.031842513510504614
U0106,0.7132000000000001,0.038903573100680586,4.182333333333333,0.5652729134379841,0.14765,0.02,0.8672333333333334,0.02
U0107,0.70295,0.02,6.368166666666667,0.6566912262750789,0.10383333333333333,0.02,0.8062,0.02
U0108,0.7890333333333334,0.022969690173501797,5.268,0.6898043200792527,0.14506666666666668,0.02,0.9610833333333333,0.02
U0109,0.9447,0.03248753607154596,6.668499999999999,0.5770479182875545,0.12801666666666667,0.02,0.9320333333333334,0.02
U0110,0.8561,0.026718458039340524,8.2565,0.5,0.12111666666666666,0.02,0.86185,0.031315219941747185
U0111,0.8154,0.023774608303818567,6.852666666666667,0.6261490770309153,0.09836666666666667,0.022987619856493766,0.9119833333333333,0.03162944303440493
U0112,0.8209333333333334,0.028320287192517446,3.77,0.8660614296919128,0.13986666666666667,0.02,0.8232833333333334,0.030643460422521914
U0113,0.9490166666666666,0.03732717062230496,6.636833333333333,0.6738653920974627,0.11948333333333333,0.02,0.8231666666666667,0.02
U0114,0.80285,0.027327916129847855,5.419666666666667,0.5,0.15990000000000001,0.02,0.8252166666666666,0.025877744620941497
U0115,0.7214166666666667,0.02883313487407619,7.757666666666666,0.5388137587948796,0.15103333333333332,0.02,0.8520500000000001,0.02
U0116,0.7899166666666667,0.03562215134809612,3.9323333333333337,0.5770523950792222,0.15671666666666667,0.02,0.8185166666666667,0.02787869556967591
U0117,0.85665,0.028309768632046445,6.2106666666666674,0.5,0.15898333333333334,0.025893737981733462,0.9280166666666666,0.04155119332421955
U0118,0.7926333333333333,0.027467046922934158,9.685833333333333,0.5564819553828019,0.19073333333333334,0.02,0.8494333333333334,0.024794811285159347
U0119,0.79205,0.03173709186425245,6.567166666666666,0.776337920410092,0.11245,0.02,0.8700333333333333,0.0219422575562923
U0120,0.6290166666666667,0.028815719089876384,6.725666666666666,0.5,0.20875,0.02,0.9703833333333334,0.02
U0121,0.8312333333333334,0.024574186999098628,7.9943333333333335,0.9533112118645548,0.11538333333333332,0.025585731700826276,0.7589666666666667,0.02
U0122,0.8570000000000001,0.028136595387502027,3.2675,0.5,0.04765,0.02,0.8770333333333333,0.02
U0123,0.9385666666666667,0.02,6.062166666666667,0.5,0.12585,0.02,0.8886,0.022973114721343342
U0124,0.8108333333333334,0.02058617659174878,5.426166666666667,0.5,0.1468,0.02,0.8264333333333332,0.027787599152619635
U0125,0.8224833333333333,0.041113862220261796,7.192333333333333,0.5356710433341215,0.14376666666666668,0.020814097786516387,0.83905,0.028444735892604125
U0126,0.9176333333333333,0.02,6.6098333333333334,0.5,0.1606,0.02,0.9291166666666667,0.02025294217309344
U0127,0.8485833333333334,0.02,5.1834999999999996,0.5,0.15268333333333334,0.022089130056809993,0.7994833333333333,0.02
U0128,0.76505,0.02,4.720833333333333,0.5,0.21314999999999998,0.02,0.8799,0.02
U0129,0.8756499999999999,0.03376878736348104,3.571,0.5554072379794847,0.09416666666666666,0.02,0.8516,0.029952829582528595
U0130,0.8946833333333334,0.02493258243076053,8.198666666666666,0.5,0.1298,0.02,0.9017166666666667,0.03165965360939163
U0131,0.87555,0.02,7.2331666666666665,0.5,0.11723333333333334,0.02,0.9580500000000001,0.0233278160143636
U0132,0.7728833333333333,0.02861897389262348,6.394333333333333,0.5,0.10998333333333332,0.02,0.8455,0.021870619561411595
U0133,0.7413833333333333,0.034532154098270026,3.0803333333333334,0.6679169609065686,0.014683333333333333,0.02,0.8680166666666667,0.02
U0134,0.8370833333333333,0.035826493920933226,6.4695,0.793232059362202,0.11343333333333333,0.02,0.8717666666666667,0.022539535635559754
U0135,0.7680333333333333,0.02080121791306138,5.9005,0.5,0.19745000000000001,0.02,0.8423333333333334,0.02789162359323435
U0136,0.81215,0.023000586949032405,7.354,0.5,0.15575,0.02,0.8411166666666666,0.02
U0137,0.7754833333333333,0.035557469913741944,5.9125000000000005,0.5,0.2316,0.020209997525977085,0.8959833333333332,0.023867334720631617
U0138,0.7586666666666666,0.02,5.832166666666667,0.5,0.18045,0.02,0.9344,0.03218738883475948
U0139,0.7994500000000001,0.026668839494811167,5.218333333333334,0.5499315108871894,0.15221666666666667,0.02156528846704041,0.8191166666666666,0.0353986110838641
U0140,0.7195833333333334,0.02197147393022749,7.513999999999999,0.5,0.13465000000000002,0.02,0.7700166666666667,0.025134312536185793
U0141,0.7775500000000001,0.028246114777080417,9.1685,0.5,0.09695,0.023594808751079124,0.8211166666666667,0.02
U0142,0.8647666666666667,0.02,4.8165000000000004,0.5,0.24805,0.02,0.9005,0.0247470402270655
U0143,0.7954500000000001,0.023523413867889132,5.417666666666666,0.6866945949013047,0.08008333333333333,0.02,0.7857333333333334,0.031475810818256365
U0144,0.7293166666666666,0.020393765387163445,6.741333333333333,0.5,0.17531666666666668,0.02476977324616973,0.8017,0.040093839925853934
U0145,0.91115,0.025103844327114502,6.954166666666667,0.5,0.1105,0.024351509193477103,0.8535333333333334,0.03314644274528818
U0146,0.8233333333333333,0.028213660993686548,5.948666666666667,0.5,0.0832,0.02,0.9464166666666666,0.029324966609813315
U0147,0.7870166666666667,0.02,5.656333333333333,0.5,0.15278333333333335,0.02,0.8054833333333334,0.025758060227172926
U0148,0.8831833333333333,0.02212359976736757,5.901666666666666,0.5965798074580354,0.1223,0.02,0.8661833333333333,0.04235730948333081
U0149,0.8239833333333334,0.02,4.162333333333334,0.5,0.18489999999999998,0.02274115212560702,0.7959833333333334,0.02
U0150,0.7731833333333333,0.02412860681155602,5.295833333333333,0.5,0.19720000000000001,0.02,0.9330833333333333,0.02
U0151,0.9057833333333334,0.02,6.797000000000001,0.5586379865351082,0.21355,0.02,0.8534833333333333,0.02067030881885094
U0152,0.8927666666666667,0.02,4.716333333333334,0.5,0.09851666666666666,0.021159623500116135,0.8770833333333333,0.022879634321087076
U0153,0.77535,0.020609779232199466,6.6626666666666665,0.5,0.15796666666666667,0.02,0.8516666666666667,0.02997483388889195
U0154,0.6752666666666666,0.03771862493075093,5.8795,0.6006965123920731,0.10123333333333333,0.02,0.8855166666666667,0.02
U0155,0.9188666666666667,0.03578595627710213,3.558,0.5438985199465062,0.18166666666666667,0.02446251554249208,0.8673666666666667,0.02
U0156,0.9282666666666666,0.024271107652240873,4.226666666666667,0.5647168021820022,0.19779999999999998,0.02,0.8966666666666666,0.024227229859533395
U0157,0.7994166666666667,0.024889067211662754,6.18,0.6599603018364059,0.19713333333333335,0.02174494577290702,0.9113166666666667,0.0258540841390034
U0158,0.7694833333333334,0.038771402691502733,6.416833333333333,0.594793549617568,0.02035,0.02,0.8630333333333334,0.02
U0159,0.8264333333333332,0.020556426407979254,6.872166666666668,0.6479624731932139,0.07643333333333334,0.02,0.8929666666666667,0.02377676737209388
U0160,0.7877166666666667,0.02320555249647521,8.546666666666667,0.5,0.09728333333333333,0.02713767983204656,0.84775,0.02770622673696291
U0161,0.9672000000000001,0.02,4.987,0.5,0.23621666666666666,0.02,0.8849166666666667,0.021683027156434307
U0162,0.7810333333333332,0.02,5.733333333333333,0.5,0.21265,0.02417368403864003,0.9302833333333332,0.025711819590738184
U0163,0.7879,0.020116958020535834,8.614833333333333,0.6544333172040276,0.17506666666666668,0.02,0.9158,0.027316954442250692
U0164,0.8859499999999999,0.029305886780645326,6.5665000000000004,0.5,0.11601666666666666,0.02,0.9482833333333334,0.02
U0165,0.8672,0.022578131012109957,5.162833333333333,0.5,0.15126666666666666,0.02,0.8770166666666667,0.02
U0166,0.8473999999999999,0.02,3.5988333333333333,0.6531540145070431,0.18596666666666664,0.02,0.89355,0.02
U0167,0.7623000000000001,0.022023714491429418,7.849666666666667,0.5123235956567554,0.14028333333333334,0.02,0.8333,0.027923037084099555
U0168,0.8419166666666666,0.02,6.195166666666666,0.9583488752362922,0.09743333333333333,0.02,0.8503666666666666,0.02
U0169,0.8140666666666667,0.025334377171477213,6.824666666666666,0.6627206550777384,0.14815,0.02,0.8400333333333333,0.02
U0170,0.7018,0.02307916809592582,3.9919999999999995,0.5144795428391683,0.17320000000000002,0.02362651053372037,0.8847666666666667,0.02
U0171,0.8141833333333334,0.02,7.595833333333334,0.5,0.2698,0.02049175443928606,0.8990666666666667,0.02
U0172,0.8898833333333332,0.02459857041916597,8.719166666666666,0.514412836801986,0.22855,0.02,0.7658333333333333,0.026266379017037524
U0173,0.6845833333333333,0.02,5.9656666666666665,0.5,0.2508833333333333,0.02,0.86205,0.021032046975984094
U0174,0.7964666666666668,0.03323357739796711,6.334499999999999,0.5654466376237461,0.11653333333333334,0.02,0.8621666666666666,0.02050138206723307
U0175,0.8028166666666667,0.02,6.9093333333333335,0.5,0.13520000000000001,0.02,0.9439166666666666,0.021063942334393806
U0176,0.7925833333333333,0.027362194112802198,4.444166666666667,0.5,0.20445,0.02,0.9051333333333332,0.027895782237941744
U0177,0.9430333333333333,0.036822800907408804,6.301166666666667,0.5,0.03666666666666667,0.02,0.9478333333333334,0.020558080325425974
U0178,0.7665500000000001,0.02,8.272333333333334,0.5,0.06845,0.02,0.8975833333333334,0.02097516785789008
U0179,0.8518833333333333,0.02792757896178376,6.655,0.5,0.13473333333333334,0.02,0.8291333333333334,0.02
U0180,0.7812333333333333,0.04093060794401504,4.612666666666667,0.5,0.13313333333333335,0.02,0.9210166666666666,0.02
U0181,0.7480666666666668,0.02,6.582000000000001,0.745252977182916,0.12415,0.02,0.8335666666666667,0.024331433715806074
U0182,0.8676333333333334,0.02,4.8005,0.5002522363768097,0.019483333333333335,0.02,0.7902,0.020442211230686343
U0183,0.8821,0.02617174048472894,6.708333333333333,0.5,0.17115,0.023008759201660567,0.8837833333333333,0.0241269489713612
U0184,0.7244666666666667,0.02,5.1445,0.5,0.10293333333333332,0.02,0.7677833333333334,0.03167253805217806
U0185,0.8678833333333333,0.020155834556442143,6.5808333333333335,0.5,0.1322,0.020508437288101693,0.8857499999999999,0.040881426100369815
U0186,0.73035,0.02,5.243833333333334,0.5,0.15761666666666665,0.02,0.8288166666666666,0.020273373342062865
U0187,0.8051666666666666,0.02,6.303333333333334,0.5,0.11621666666666668,0.024130761833532452,0.8999,0.030709607617161135
U0188,0.8257500000000001,0.022497088700540808,6.788666666666667,0.5,0.20268333333333333,0.02,0.9208833333333333,0.02799345756898682
U0189,0.81085,0.023851352162927775,8.068666666666667,0.6284685088901963,0.18523333333333333,0.02,0.87995,0.02292533533015385
U0190,0.8607999999999999,0.02,8.127833333333333,0.5,0.16695000000000002,0.02,0.8842666666666666,0.024293346139769738
U0191,0.8113833333333332,0.02332135644997234,7.676166666666667,0.5288914507407606,0.16951666666666668,0.02,0.9061166666666667,0.03382788297642443
U0192,0.7535666666666666,0.02,6.547666666666667,0.5,0.12480000000000001,0.02,0.9765833333333335,0.028776408161316196
U0193,0.8784666666666666,0.03274413942473779,4.4565,0.5759009463440741,0.08821666666666667,0.02,0.9038833333333334,0.02
U0194,0.7100666666666666,0.02,5.439166666666666,0.6997992331138028,0.2031666666666667,0.021758921541902457,0.8727166666666667,0.02624983174549245
U0195,0.8494333333333334,0.02,7.381333333333333,0.5291920886281904,0.20281666666666667,0.02,0.9532166666666667,0.029431304195816188
U0196,0.8666,0.02287391527482776,6.753,0.5,0.15338333333333334,0.02476355521056431,0.9412833333333334,0.02
U0197,0.7890333333333334,0.0307764628680209,5.6735,0.5,0.06636666666666667,0.022907087695005376,0.7939333333333334,0.029476747898414226
U0198,0.9263833333333333,0.02,6.368666666666667,0.5990952066797618,0.04103333333333333,0.02,0.9157333333333333,0.025281271065092144
U0199,0.87265,0.030145231795426622,3.0145,0.5,0.15378333333333333,0.02,0.8524166666666666,0.02
U0200,0.7272833333333333,0.03287013335334474,4.857333333333333,0.5,0.21294999999999997,0.020039935129635523,0.8588333333333334,0.021347755541664574
U0201,0.7624833333333333,0.02,4.899166666666667,0.6600604265267439,0.12383333333333334,0.02,0.8976999999999999,0.020491364034636656
U0202,0.7241166666666666,0.02,4.168666666666667,0.7845344266930969,0.10996666666666666,0.027302429684309543,0.8088500000000001,0.02382123002701581
U0203,0.8735499999999999,0.02,6.277,0.5808507553580352,0.13695,0.026300019011399976,0.755,0.022911132665147767
U0204,0.7744,0.025784026062661353,3.169166666666667,0.5,0.11886666666666668,0.030536382671604495,0.8610666666666668,0.02395534735015685
U0205,0.71995,0.03139915603961356,8.656166666666667,0.6505543533530972,0.18655,0.02,0.8905500000000001,0.02
U0206,0.9375,0.02195632027458153,3.7293333333333334,0.6458630401769919,0.2333333333333333,0.02,0.9043,0.02377965516991364
U0207,0.8050333333333333,0.02,7.670333333333333,0.5,0.14688333333333334,0.02,0.9047833333333334,0.02
U0208,0.84855,0.033348328293934026,6.4685,0.5,0.22726666666666664,0.025239624931180468,0.9134166666666667,0.028446751425543586
U0209,0.8395333333333334,0.02,6.358,0.6853836881630612,0.13455,0.020175802338444935,0.8548333333333334,0.02
U0210,0.8809333333333332,0.034830771835643634,5.549833333333333,0.7208856821068557,0.2642333333333333,0.02,0.8515999999999999,0.025457808232446096
U0211,0.8577833333333333,0.02503480909986467,4.5551666666666675,0.5,0.14993333333333334,0.02,0.8965833333333334,0.021602723593719994
U0212,0.7543500000000001,0.02168766930769648,5.297,0.5413176516612035,0.11311666666666666,0.02,0.8636666666666667,0.02887141608350147
U0213,0.8407,0.029059043342821823,7.597666666666666,0.5,0.0951,0.02,0.8966166666666666,0.029532518799903748
U0214,0.8333499999999999,0.020564605515302245,5.997666666666667,0.5,0.12466666666666666,0.021548333268878745,0.8015333333333333,0.020491233898100567
U0215,0.91315,0.02,5.405166666666666,0.5,0.12521666666666667,0.02,0.8772833333333333,0.03224794050271533
U0216,0.9071000000000001,0.024602764072355822,8.298666666666668,0.5258272213062632,0.11256666666666666,0.022136907341963257,0.9150499999999999,0.02
U0217,0.9003,0.022920820229651487,4.958166666666666,0.5644311886019998,0.127,0.02,0.8940666666666667,0.02
U0218,0.7943166666666667,0.02307599763101622,8.309666666666667,0.5241662586113943,0.1887,0.028890344407777477,0.8800166666666667,0.028214564796690846
U0219,0.7144166666666667,0.02042717960626643,8.5235,0.5,0.09721666666666667,0.02,0.91515,0.024458352356608135
U0220,0.8081333333333333,0.045197861306334665,6.430499999999999,0.5,0.15718333333333334,0.02,0.8974666666666667,0.020268662182459585
U0221,0.8254666666666667,0.025691762622807063,6.8566666666666665,0.5997941869230367,0.21195,0.02,0.9367,0.02017989098087498
U0222,0.9436333333333332,0.02,4.477333333333333,0.6100736567552042,0.1578,0.02,0.9116,0.02423452083289457
U0223,0.75395,0.02,5.965833333333333,0.5185693460538007,0.1556833333333333,0.02,0.8997833333333333,0.02
U0224,0.80085,0.024533874541131883,4.6135,0.5,0.19323333333333334,0.02,0.9653,0.02
U0225,0.8510333333333334,0.02,5.633500000000001,0.5,0.20736666666666667,0.02,0.8888833333333332,0.021993946136759267
U0226,0.7492333333333333,0.02,5.353666666666666,0.6679645699186945,0.23343333333333335,0.02489977242198545,0.7791,0.02
U0227,0.7472500000000001,0.020138694098674855,6.756666666666667,0.5,0.13018333333333335,0.02,0.8432166666666667,0.02120381255026242
U0228,0.7887166666666667,0.02,4.611166666666667,0.5,0.10121666666666666,0.02,0.9244666666666667,0.02
U0229,0.9261,0.03443689881507918,3.2511666666666668,0.5,0.24755000000000002,0.02,0.9964,0.02
U0230,0.8470166666666666,0.02,9.4655,0.5,0.040633333333333334,0.02,0.899,0.02
U0231,0.8608833333333333,0.03871585807736496,7.2955000000000005,0.5,0.22071666666666667,0.023738021540698522,0.9566166666666667,0.025565086869922166
U0232,0.7950333333333334,0.038178405763817196,4.581666666666667,0.878509343528381,0.2024,0.021569793693960077,0.9506333333333333,0.029117738007384205
U0233,0.90625,0.03238905679392347,4.459499999999999,0.6153440501053047,0.14173333333333335,0.025060699644396743,0.8633166666666666,0.02834356481931422
U0234,0.8077666666666667,0.02,4.995,0.5,0.10581666666666667,0.02,0.8924166666666666,0.029745078024215464
U0235,0.9648833333333333,0.025834273101186116,6.56,0.5,0.19798333333333332,0.02,0.8539166666666667,0.033338471270690666
U0236,0.8977333333333334,0.020744894954341602,4.753833333333334,0.8457681518398922,0.24706666666666666,0.02,0.9427666666666666,0.024591028174248148
U0237,0.9402499999999999,0.026417626691283197,5.5665000000000004,0.8480869648803715,0.11576666666666668,0.02,0.7365166666666667,0.02
U0238,0.7068166666666666,0.03620991116623554,7.5705,0.6725015241618417,0.21141666666666667,0.021348856331585217,0.8775333333333334,0.027420697778624548
U0239,0.8678333333333333,0.03804863554277166,8.017166666666666,0.5,0.20535,0.02453102117727674,0.9218999999999999,0.03161556578649195
U0240,0.8095166666666667,0.03030699039275702,5.718166666666666,0.6089070262910969,0.22811666666666666,0.02,0.8909833333333333,0.022560622036341706
U0241,0.7187666666666667,0.023459468593015155,6.6415,0.7627048577267619,0.16058333333333333,0.02,0.9385666666666667,0.023488862609046614
U0242,0.9476333333333334,0.028768918413222735,4.778,0.5,0.16633333333333333,0.02,0.9259000000000001,0.03586569391493774
U0243,0.76435,0.02402904492484046,6.221,0.5,0.22765,0.020303866626827507,0.9447666666666666,0.02
U0244,0.95335,0.02332893053699634,7.0376666666666665,0.545784450737346,0.15013333333333334,0.02,0.9700666666666667,0.02
U0245,0.7534333333333333,0.02332720872000472,6.3885000000000005,0.57174356139794,0.14221666666666669,0.022190846461247637,0.9207666666666667,0.02
U0246,0.7853500000000001,0.034528408593504575,6.0485,0.5,0.12011666666666666,0.02,0.8556666666666667,0.022435388712181183
U0247,0.8290166666666666,0.03380718365475994,5.441833333333332,0.6578964710854338,0.21946666666666667,0.02,0.9886333333333334,0.02
U0248,0.91095,0.02,5.840333333333334,0.6269056281982692,0.21795,0.02,0.9529333333333333,0.031108369720489488
U0249,0.8184666666666667,0.022442608285728898,5.549333333333333,0.5318468451224156,0.16713333333333336,0.02,0.86835,0.02
U0250,0.9060333333333334,0.02627932013326574,8.298166666666667,0.5,0.06428333333333333,0.02,0.8314,0.02
U0251,0.7702333333333334,0.02,7.610166666666667,0.5,0.19765,0.02,0.8525333333333333,0.030174337882821322
U0252,0.85425,0.028039026373966693,5.852833333333334,0.5,0.20110000000000003,0.02,0.9107666666666666,0.021747520931514618
U0253,0.9408333333333333,0.02489262273579597,3.9168333333333334,0.5490648109892553,0.17689999999999997,0.02,0.7461833333333333,0.02
U0254,0.6826166666666666,0.02,5.425833333333333,0.5,0.1798833333333333,0.02,0.88345,0.028617669367018726
U0255,0.8637,0.02132257020154935,5.7015,0.6786338482569227,0.09244999999999999,0.027609980079674086,0.7459666666666666,0.03399603898495626
U0256,0.7740166666666667,0.024162153601586616,5.716833333333334,0.5,0.15888333333333335,0.02,0.9161833333333332,0.023188050083322396
U0257,0.7948333333333334,0.0306650072014775,5.3625,0.7749998064515888,0.1994,0.02,0.9068999999999999,0.02
U0258,0.7409833333333333,0.02,6.074333333333333,0.5382968202271555,0.09841666666666667,0.02,0.8752833333333334,0.02
U0259,0.8905500000000001,0.02593397385669997,6.7225,0.9228513964880803,0.08700000000000001,0.02,0.85665,0.02
U0260,0.7778,0.030043634933210082,5.268666666666666,0.7302960130431131,0.24583333333333335,0.02,0.9069833333333334,0.028493607470214594
U0261,0.8057666666666666,0.02032010498660544,5.6193333333333335,0.5,0.1305,0.02,0.8528833333333333,0.029986224615090592
U0262,0.7591333333333333,0.02,5.437666666666666,0.7858367939124936,0.14721666666666666,0.02,0.8911833333333333,0.029798484301498764
U0263,0.7065666666666667,0.02077485659798079,3.657833333333334,0.5,0.16833333333333333,0.020672655046381112,0.8372666666666667,0.02
U0264,0.8540666666666666,0.02514610639177895,6.560833333333334,0.7175091404760409,0.2358,0.02,0.8906333333333333,0.023338608927411797
U0265,0.6873166666666667,0.02,6.124666666666666,0.5784917170251157,0.17989999999999998,0.02,0.9335,0.02163534145790166
U0266,0.75995,0.02,4.212,0.5,0.16151666666666667,0.02,0.94385,0.02
U0267,0.9082,0.04980726854586585,8.070833333333333,0.5,0.20614999999999997,0.02,0.87025,0.02
U0268,0.8411833333333334,0.0348542919404005,9.219833333333334,0.5,0.17433333333333334,0.02516081609699229,0.8421500000000001,0.02
U0269,0.8216166666666668,0.03931083396045759,4.648833333333333,0.5,0.19011666666666668,0.02,0.9211999999999999,0.02
U0270,0.8708166666666667,0.021475140666982032,2.9179999999999997,0.5,0.22185,0.02,0.8796333333333334,0.02
U0271,0.62415,0.03317738687720899,6.593833333333333,0.5,0.19163333333333332,0.02,0.8443833333333334,0.03293553805035933
U0272,0.87255,0.02152373108919548,5.564333333333334,0.5,0.18808333333333335,0.02,0.73775,0.024042441639733677
U0273,0.8341166666666666,0.0319266294285298,3.3921666666666668,0.5,0.21378333333333333,0.026988621059006835,0.8763166666666667,0.03204817727526277
U0274,0.8777833333333334,0.02,4.4805,0.5,0.03556666666666667,0.02,0.8340833333333334,0.027693856117678255
U0275,0.7475499999999999,0.02,8.552666666666667,0.5,0.07353333333333333,0.02,0.8794166666666667,0.02
U0276,0.79495,0.02,3.8850000000000002,0.5,0.28295,0.02187333993701006,0.8246333333333333,0.02
U0277,0.8271833333333333,0.023358460280306716,5.044,0.5,0.2094,0.02,0.8075833333333334,0.026461097230966558
U0278,0.8651833333333333,0.02,5.5805,0.5,0.16956666666666664,0.026488009866101052,0.8549166666666667,0.02
U0279,0.8245333333333335,0.022691290546521758,5.456166666666667,0.5,0.1391,0.02,0.931,0.029937802190541637
U0280,0.9524500000000001,0.02354686815693332,6.5760000000000005,0.6179333297371167,0.04928333333333334,0.02,0.8731166666666667,0.025886167477374232
U0281,0.8126833333333333,0.04068923281000354,8.684833333333334,0.5,0.12036666666666666,0.02281005626180406,0.7886833333333333,0.020481544538112025
U0282,0.8160166666666666,0.030564189285283996,6.758333333333333,0.5,0.22696666666666668,0.02,0.83285,0.03353796356369896
U0283,0.81265,0.025255633035028056,5.737166666666667,0.7726001337475076,0.11811666666666666,0.020508672962107188,0.7917666666666667,0.027426896774273755
U0284,0.8006833333333333,0.02,5.526666666666667,0.6251760285444946,0.08736666666666666,0.02,0.86465,0.02
U0285,0.8368666666666668,0.03241010130602289,5.5195,0.5203413302823447,0.1913,0.02,0.9115500000000001,0.02
U0286,0.9133,0.02,5.223333333333334,0.5,0.27795,0.02,0.8459833333333333,0.022751739860209945
U0287,0.87765,0.02,5.0015,0.5,0.09615000000000001,0.032419669955136815,0.7921333333333332,0.026905067676307143
U0288,0.758,0.03997003877906551,5.048666666666667,0.5,0.10321666666666666,0.02,0.8742666666666666,0.02482423546993276
U0289,0.83265,0.029224219407881533,5.780833333333334,0.5059254556421003,0.14866666666666667,0.02,0.9418166666666666,0.022216697924459138
U0290,0.8285666666666667,0.036315873480706286,6.491666666666667,0.5,0.1785,0.03073681831289634,0.8188833333333333,0.026310713914043975
U0291,0.7957166666666667,0.02,6.623833333333334,0.6262333164777056,0.2253166666666667,0.02,0.8984666666666666,0.028728847290949
U0292,0.7955833333333334,0.02,7.191166666666667,0.5,0.14175000000000001,0.02,0.8991000000000001,0.02
U0293,0.8766333333333334,0.025199814814134375,7.003,0.5,0.13705,0.02,0.98615,0.02
U0294,0.78845,0.021852391173507815,4.0088333333333335,0.5,0.21541666666666667,0.02,0.93095,0.022582537501352713
U0295,0.8355166666666666,0.0327142425659936,5.517666666666667,0.5897988357623863,0.18506666666666668,0.02774113672268436,0.8555666666666667,0.02635774396010908
U0296,0.9158333333333334,0.02160367252729652,8.201833333333333,0.5,0.15035,0.023069351963156667,0.8352666666666666,0.02
U0297,0.8375499999999999,0.03380791327485326,5.866,0.5,0.23273333333333332,0.02974200172595427,0.8309166666666666,0.021699623652650445
U0298,0.6134666666666667,0.02488860515711288,6.6995000000000005,0.5,0.1517666666666667,0.02,0.9514999999999999,0.021245705448395935
U0299,0.8294,0.02,6.664833333333333,0.5500426953125248,0.14588333333333334,0.02,0.9349666666666666,0.021195156679455523
U0300,0.8664666666666667,0.03067733147890584,3.2424999999999997,0.5,0.09400000000000001,0.02,0.8281833333333334,0.02
U0301,0.8420000000000001,0.034145102137788354,7.797999999999999,0.6534193140702229,0.13601666666666667,0.02,0.8549833333333333,0.02
U0302,0.8356333333333333,0.02,6.719,0.5,0.11683333333333333,0.02,0.8893333333333334,0.02
U0303,0.84665,0.02,6.3356666666666674,0.5,0.16013333333333332,0.02,0.9191333333333334,0.026349168234816568
U0304,0.7111999999999999,0.02,4.318333333333333,0.5,0.15356666666666666,0.025461631264839777,0.8331833333333334,0.022172452878891573
U0305,0.7227666666666667,0.025163677526678526,6.6695,0.5,0.22838333333333335,0.02,0.9457166666666666,0.032036692505105234
U0306,0.8997833333333333,0.03153261274722832,8.563333333333333,0.5366703519542204,0.07798333333333334,0.02,0.8826,0.02
U0307,0.7362000000000001,0.02,4.854166666666667,0.6919509857400785,0.11723333333333334,0.02,0.9120666666666667,0.03502088900451651
U0308,0.9329999999999999,0.031864588495695345,5.224,0.5,0.16431666666666667,0.02,0.8311166666666666,0.03564695872955601
U0309,0.9353333333333333,0.02,8.0315,0.7602896158701626,0.19915000000000002,0.02055400204339778,0.89,0.02531015606431537
U0310,0.8059666666666666,0.03481428825448925,5.956499999999999,0.5,0.18963333333333332,0.02,0.7927333333333334,0.022070855594350326
U0311,0.8920499999999999,0.031883083288791275,8.262166666666667,0.6079873079815622,0.10631666666666667,0.02,0.9083666666666667,0.02
U0312,0.7832500000000001,0.02,8.355666666666666,0.5,0.18613333333333335,0.02,0.82245,0.024805221224572835
U0313,0.6615833333333333,0.02,7.952833333333333,0.5629946417743836,0.10533333333333333,0.02,0.832,0.02
U0314,0.8642500000000001,0.02608269541285945,5.990666666666667,0.5,0.16908333333333334,0.02564288725293364,0.9018833333333333,0.029533399172236605
U0315,0.7254,0.02,6.106833333333333,0.5,0.14601666666666666,0.02,0.9487166666666665,0.04072426385665756
U0316,0.9453166666666667,0.03738916509721321,7.689333333333334,0.5,0.17255,0.02,0.8527833333333333,0.02
U0317,0.8876166666666667,0.027946192346483743,5.257333333333333,0.5,0.24298333333333333,0.023455184217282685,0.8914666666666666,0.024589157502172932
U0318,0.7750499999999999,0.023750936823628627,6.678833333333333,0.5289220799575932,0.22014999999999998,0.021329299097720016,0.9388666666666667,0.028933072195442142
U0319,0.7652666666666667,0.02,7.396333333333334,0.5,0.06483333333333334,0.02,0.8640500000000001,0.029368060882530158
U0320,0.8118666666666666,0.02287196245770497,6.6695,0.5378091668984457,0.1475,0.024501428529781693,0.9380000000000001,0.028657075915033636
U0321,0.72005,0.02,3.8836666666666666,0.6712861287608037,0.12538333333333332,0.02,0.8620333333333333,0.03687544801987724
U0322,0.8111166666666666,0.02,5.530166666666666,0.5,0.12174999999999998,0.02,0.9926833333333334,0.02
U0323,0.8571666666666666,0.023023176728389744,5.606166666666667,0.5,0.12751666666666667,0.020071513811037438,0.9986833333333333,0.02
U0324,0.9468666666666666,0.02296002322879196,5.442166666666666,0.5,0.07866666666666666,0.020725025130664296,0.9743666666666666,0.02
U0325,0.8503166666666666,0.02328608311130632,7.5248333333333335,0.5716899217816129,0.07243333333333334,0.02020541181630968,0.7881333333333332,0.025438841692708138
U0326,0.8634333333333334,0.02118213083395215,5.138833333333333,0.5,0.19055,0.027432298481899035,0.83085,0.02
U0327,0.9156833333333333,0.03679708774708496,7.351166666666667,0.5,0.1401,0.02,0.9760333333333334,0.03428589603126434
U0328,0.9126500000000001,0.02192776778425015,7.497,0.5,0.14293333333333333,0.02,0.9861333333333334,0.02
U0329,0.8412333333333333,0.022847552750057648,2.999333333333333,0.5,0.14925,0.02,0.8883000000000001,0.032116164154518845
U0330,0.7772666666666667,0.02,6.452833333333333,0.5,0.19825,0.03391246083668951,0.9915166666666666,0.02
U0331,0.9011833333333333,0.024090281581307146,7.477499999999999,0.5,0.13425,0.02303082716708195,0.72945,0.02571635666263785
U0332,0.8924500000000001,0.02,4.8745,0.5,0.08556666666666667,0.02,0.8384166666666667,0.03382368499537957
U0333,0.8756833333333334,0.029378387747912012,4.159,0.6805953276360336,0.1495,0.02,0.86095,0.030813682026009166
U0334,0.8418333333333333,0.02,6.452333333333333,0.5,0.12306666666666666,0.02,0.9551999999999999,0.02
U0335,0.77375,0.02,6.0825,0.5,0.15573333333333333,0.02,0.8287,0.02
U0336,0.7716166666666666,0.0316916655710404,5.7523333333333335,0.5,0.13231666666666667,0.02933362689247046,0.87925,0.020708814548399464
U0337,0.70535,0.02,5.538833333333334,0.5,0.06498333333333334,0.02,0.9015666666666666,0.024727043225316405
U0338,0.8315666666666667,0.02837362625162082,3.505333333333333,0.5,0.06996666666666666,0.02,0.8333,0.024965816629944227
U0339,0.6628333333333333,0.03426500644486541,5.178,0.5,0.20765,0.02,0.8158333333333333,0.026491331915678887
U0340,0.8589666666666668,0.03438451201728278,8.166500000000001,0.5,0.11626666666666667,0.02,0.92075,0.03281278714160075
U0341,0.7493500000000001,0.02,4.585666666666667,0.5,0.13,0.02,0.8927499999999999,0.026110055534219023
U0342,0.7483,0.031248615969351308,6.828833333333333,0.7477666525505576,0.1376,0.02,0.9049833333333334,0.02376395730232375
U0343,0.7917000000000001,0.02,5.2785,0.5820885671442102,0.10831666666666666,0.02,0.8294666666666667,0.02051698483370953
U0344,0.8180000000000001,0.02665453057174327,7.525333333333333,0.5,0.14703333333333332,0.02,0.8477833333333334,0.02
U0345,0.89425,0.027422964828770838,5.220833333333333,0.6556039709052004,0.12789999999999999,0.02,0.8099166666666666,0.023643892798493788
U0346,0.8168166666666666,0.027960788019415053,5.701833333333333,0.5,0.18618333333333334,0.02,0.8928333333333334,0.0297181201738378
U0347,0.9434999999999999,0.02,6.588166666666666,0.5,0.17190000000000003,0.02,0.8301,0.02
U0348,0.9089,0.02,5.950833333333333,0.5719753199803874,0.08966666666666667,0.02,0.8238666666666666,0.024852739620948555
U0349,0.8166333333333333,0.02,4.2135,0.6821307059501136,0.03648333333333333,0.02,0.82275,0.034207119142073326
U0350,0.8124166666666667,0.022089492222925087,4.992,0.5009211514799511,0.21155000000000002,0.02,0.9519166666666666,0.02
U0351,0.8955500000000001,0.03334119074058391,8.979833333333334,0.6003343790477655,0.06171666666666667,0.03075609966602831,0.9290166666666666,0.03160945533644428
U0352,0.82675,0.026201583921587668,5.6001666666666665,0.5483040822998373,0.11480000000000001,0.02,0.9227166666666667,0.03332347020744787
U0353,0.7445833333333334,0.025035847632278545,4.5595,0.5751708441845779,0.06165,0.02,0.9272,0.02427064070023699
U0354,0.8292333333333334,0.030323104502452642,5.708333333333333,0.6278814113084307,0.12768333333333334,0.02,0.8349833333333333,0.024986829864283792
U0355,0.9350499999999999,0.02781436679128254,9.1665,0.5,0.13793333333333332,0.02,0.8462333333333333,0.02398213223770286
U0356,0.7839833333333334,0.03787914553770539,4.862833333333334,0.5,0.12893333333333334,0.02036091026124979,0.8586,0.02
U0357,0.7596333333333334,0.041407133040898464,8.972,0.5,0.1301,0.02,0.9337,0.02
U0358,0.7996500000000001,0.04447609470266021,4.583333333333333,0.5,0.20813333333333336,0.02,0.9194166666666667,0.031035361552053255
U0359,0.7921333333333332,0.021393986694084516,4.4656666666666665,0.5,0.11878333333333334,0.02,0.9195666666666668,0.02
U0360,0.85295,0.02,4.377833333333333,0.6591301591238764,0.13849999999999998,0.027461026929086245,0.94645,0.030153722821568814
U0361,0.7878666666666666,0.02,4.416166666666666,0.5,0.22973333333333334,0.02,0.8663166666666666,0.02
U0362,0.8661166666666666,0.02,9.741999999999999,0.5,0.12238333333333333,0.025081500486746535,0.9093,0.0312830944760905
U0363,0.8428333333333334,0.02,4.363833333333333,0.5,0.1686,0.02,0.8947166666666666,0.03518621415649411
U0364,0.7495166666666666,0.0233970439728327,8.526,0.5111449892153892,0.023033333333333333,0.020453622336072078,0.8906666666666667,0.024142963087961402
U0365,0.8803000000000001,0.03144887915331801,2.9121666666666663,0.5,0.14813333333333334,0.02,0.9323833333333335,0.02
U0366,0.7404833333333333,0.028496134240746887,5.043166666666667,0.7949866455901423,0.10051666666666666,0.02,0.9395000000000001,0.029944214800191347
U0367,0.75425,0.02,9.179,0.7379596194914733,0.2394166666666667,0.02,0.8712833333333333,0.02122502453865877
U0368,0.6993833333333334,0.02304095628802476,6.525166666666666,0.5,0.18205000000000002,0.02,0.8635999999999999,0.029035151110335205
U0369,0.6824166666666667,0.023330873679883193,5.558666666666666,0.5,0.1582,0.02,0.8630666666666666,0.0231904865551947
U0370,0.8872833333333333,0.03158476953638675,4.697166666666667,0.5,0.18821666666666667,0.02117644131261593,0.8795833333333333,0.029541795251248087
U0371,0.8917666666666667,0.023525532229190217,6.729500000000001,0.5,0.17941666666666667,0.02,0.8084666666666668,0.03320829213715551
U0372,0.7491833333333333,0.021809852513638553,5.543833333333333,0.5,0.22266666666666668,0.02,0.84945,0.029934177790612495
U0373,0.77585,0.023029090299010943,5.984333333333333,0.5725747694988546,0.2511333333333334,0.02,0.907,0.02
U0374,0.7911666666666667,0.02,3.6296666666666666,0.5141959419002319,0.20616666666666664,0.02,0.9021,0.02571085373922848
U0375,0.7520000000000001,0.026228305320778873,8.144333333333334,0.5,0.24431666666666665,0.02,0.916,0.02
U0376,0.8326833333333333,0.02388576284456217,5.251333333333333,0.5,0.09331666666666666,0.02,0.8623500000000001,0.022382560175279346
U0377,0.9365333333333333,0.02,7.0805,0.5,0.07755,0.02,0.8912333333333334,0.029557176229583683
U0378,0.7026,0.027374294511457266,5.749833333333334,0.5213181050631819,0.16443333333333335,0.02,0.9308333333333333,0.02
U0379,0.9482666666666667,0.02,4.6995,0.6302440003681115,0.06088333333333334,0.02,0.87155,0.02
U0380,0.7635,0.026698164730932346,6.991166666666667,0.7782553351353696,0.18956666666666666,0.029221202348066837,0.8899333333333334,0.020982151144881885
U0381,0.7083333333333334,0.028109761056733743,6.32,0.5012783657809303,0.15318333333333334,0.025332225852985484,0.9001833333333332,0.033213275458266155
U0382,0.9020333333333334,0.023560531969093326,7.56,0.5785046240091775,0.1953,0.02,0.9785666666666666,0.02630275017306493
U0383,0.7459166666666667,0.03587909790764905,7.8566666666666665,0.5,0.1063,0.02,0.9387,0.02
U0384,0.6429166666666667,0.025585575363213296,4.903833333333334,0.597881398495276,0.18881666666666666,0.02,0.9808333333333333,0.02
U0385,0.7574333333333333,0.02,6.453500000000001,0.5265991834403089,0.14406666666666665,0.02,0.8958166666666667,0.02747547391159371
U0386,0.8098666666666667,0.02,5.445,0.5152746840278495,0.14135,0.02,0.8682666666666666,0.020091557099106757
U0387,0.7675833333333334,0.026099993614303183,5.609333333333333,0.5,0.23228333333333331,0.021308910499288014,0.9521166666666666,0.022871415930516097
U0388,0.8233333333333333,0.02537208439735818,6.407166666666666,0.5,0.15638333333333335,0.02,0.8697666666666667,0.030191963610647566
U0389,0.8584499999999999,0.02092622756255888,3.8501666666666665,0.5,0.16255,0.02,0.90325,0.020832738658179317
U0390,0.8136833333333334,0.02,3.1405,0.5802739870095851,0.08151666666666667,0.020134092149055708,0.9046833333333333,0.020424340054617844
U0391,0.7322833333333333,0.02,4.814,0.7485543400448625,0.1185,0.02,0.7910666666666667,0.02
U0392,0.6908166666666666,0.02,5.486166666666667,0.6290785059646105,0.12598333333333334,0.02,0.8998833333333334,0.025419474161883605
U0393,0.9125833333333334,0.039520395578317116,5.797833333333333,0.5,0.13086666666666666,0.02,0.9631666666666666,0.028824480336454763
U0394,0.9594666666666667,0.02,4.622333333333334,0.6345176645820559,0.0829,0.02,0.9671,0.02106532696162107
U0395,0.9206166666666666,0.02,5.5575,0.5,0.15778333333333333,0.02,0.9273000000000001,0.02361533400144915
U0396,0.8040833333333334,0.02,8.169666666666666,0.5,0.10016666666666667,0.02,0.8140000000000001,0.02
U0397,0.7634500000000001,0.03577444618718787,6.0874999999999995,0.9608653911969145,0.15593333333333334,0.02,0.8909166666666666,0.04704863086920455
U0398,0.8298666666666668,0.029119592487991043,9.7965,0.8252220913184525,0.14948333333333333,0.02,0.7545666666666667,0.02778896663545922
U0399,0.78785,0.02,4.112166666666667,0.5,0.18296666666666664,0.02,0.8491,0.023905815192124293
U0400,0.8201333333333333,0.030097818304100833,7.2225,0.5,0.24311666666666668,0.02,0.9342833333333332,0.024920386567360155
U0401,0.789,0.02,3.0911666666666666,0.5,0.14453333333333332,0.02,0.8422666666666667,0.02
U0402,0.8068166666666666,0.029393565055410804,6.678166666666667,0.5502397356304493,0.1312,0.02,0.9135,0.02
U0403,0.8164333333333333,0.026718807358612862,6.7540000000000004,0.7223962901344388,0.12681666666666666,0.02,0.7999333333333333,0.020948953832272004
U0404,0.8277666666666667,0.02,4.3709999999999996,0.5,0.17735,0.02,0.7634666666666666,0.02
U0405,0.8959833333333332,0.031389642665482304,5.267166666666667,0.5,0.16369999999999998,0.02,0.8455166666666667,0.02
U0406,0.8784333333333333,0.027823275627910326,5.3486666666666665,0.5,0.17398333333333335,0.023409862593929645,0.8882166666666667,0.020373847615673076
U0407,0.7211166666666666,0.02,6.494666666666667,0.5,0.17725,0.024719041243543405,0.8566833333333334,0.02
U0408,0.9420166666666666,0.02,4.276166666666667,0.5,0.15183333333333335,0.028171948222774138,0.9136333333333333,0.02
U0409,0.8698166666666666,0.036366710968503434,7.046166666666667,0.5,0.18483333333333332,0.02,0.96815,0.02
U0410,0.8121166666666667,0.021846502389780052,4.524166666666667,0.6938894484474215,0.11969999999999999,0.02,0.91375,0.02695958085727597
U0411,0.8165333333333334,0.027979611624657445,5.804333333333333,0.5,0.12655000000000002,0.02061618296387574,0.9045333333333333,0.025160657119134785
U0412,0.8725666666666667,0.023678992095667123,6.875333333333334,0.5,0.10796666666666667,0.02,0.8048333333333333,0.02766063388042051
U0413,0.8876166666666667,0.025127707151004923,6.340166666666666,0.5,0.2312,0.025232201647894314,0.9124333333333334,0.02496098288663061
U0414,0.7979666666666666,0.026111351299131714,5.826833333333333,0.5,0.1991166666666667,0.021120834895114037,0.9666166666666666,0.02737067165172727
U0415,0.9509,0.02,4.819333333333334,0.5,0.14065,0.02,0.8560833333333333,0.032978139223835336
U0416,0.7374499999999999,0.02,4.627,0.5,0.13628333333333334,0.02,0.8730166666666667,0.021971018789912006
U0417,0.6699999999999999,0.040789116195377416,6.016333333333333,0.7209767448861764,0.18815,0.02,0.8037000000000001,0.02
U0418,0.9457333333333334,0.030292353270531282,5.8453333333333335,0.5,0.15961666666666666,0.026652385759377464,0.83805,0.02
U0419,0.9472666666666667,0.02098081663488502,6.510833333333333,0.5,0.15268333333333334,0.02,0.9367833333333334,0.021141184135867786
U0420,0.8704833333333334,0.023686149257882042,7.6185,0.5,0.211,0.03064604379034918,0.8140666666666667,0.02
U0421,0.7234166666666666,0.03338193623303879,7.087833333333333,0.5,0.20328333333333334,0.02,0.8759833333333334,0.030032610054183888
U0422,0.7725,0.02,5.179,0.5,0.06573333333333334,0.02,0.9017,0.04332731240222498
U0423,0.79655,0.03574687398920358,6.131833333333333,0.5,0.14388333333333334,0.02,0.9663499999999999,0.02204502211384695
U0424,0.7791833333333334,0.022479627814238106,5.325500000000001,0.5896309862956661,0.1398,0.02,0.8186166666666667,0.023488245287093402
U0425,0.8047666666666666,0.023288165807265,8.177333333333333,0.5370778962745226,0.25876666666666664,0.02,0.9508833333333334,0.020612075748615653
U0426,0.85155,0.030677206522106957,8.499,0.5,0.08288333333333334,0.02035204330446127,0.8957666666666667,0.026582299875418342
U0427,0.8483999999999999,0.037848011836819115,3.807166666666667,0.5,0.19501666666666664,0.02,0.8236333333333333,0.027231501366370994
U0428,0.7848833333333333,0.02,5.743833333333334,0.5,0.15671666666666667,0.02,0.9199333333333333,0.02
U0429,0.8034166666666667,0.02,3.7123333333333335,0.5996738002169736,0.05231666666666667,0.02,0.8616166666666666,0.025861122687668932
U0430,0.8706833333333334,0.02,3.8088333333333337,0.5,0.17733333333333334,0.02006516051933467,0.9524166666666667,0.02
U0431,0.8868166666666667,0.02,4.797833333333333,0.5503189681145527,0.16241666666666668,0.02,0.9235833333333333,0.03455432920296185
U0432,0.9038666666666666,0.03261506809231994,7.7571666666666665,0.5,0.18589999999999998,0.02,0.8402333333333334,0.025896923884250553
U0433,0.9075000000000001,0.02,4.201333333333333,0.5948645784266082,0.10394999999999999,0.02,0.83625,0.024361917001746815
U0434,0.7257833333333332,0.02,4.234333333333333,0.5,0.19538333333333333,0.022592159406897475,0.7904166666666667,0.02084460761603986
U0435,0.7665166666666666,0.02,5.902833333333334,0.5,0.12301666666666666,0.02276571252270982,0.8510666666666666,0.022170851735255143
U0436,0.8359,0.030883069795601636,6.924666666666667,0.5,0.1302,0.02066939766901784,0.8545833333333333,0.028777311665036838
U0437,0.8640166666666667,0.031212652349114287,3.359833333333333,0.5278027725075598,0.11601666666666667,0.02,0.8646833333333334,0.02
U0438,0.9117833333333333,0.02,5.724166666666666,0.5906353923247967,0.08188333333333334,0.02679943407362675,0.8937833333333334,0.02804064312148826
U0439,0.7003666666666667,0.021101058425270214,6.526666666666666,0.5,0.23013333333333333,0.02,0.9192499999999999,0.02944858230883107
U0440,0.8577833333333333,0.02489645891822099,6.292000000000001,0.5,0.19556666666666667,0.026770854798953782,0.8715333333333334,0.02
U0441,0.7991833333333332,0.022975240296168122,8.162166666666666,0.7563783224462917,0.153,0.02,0.8651166666666666,0.02
U0442,0.83265,0.020669083192052802,6.7885,0.5,0.2088,0.02677356905606722,0.9565333333333333,0.02
U0443,0.8789166666666667,0.024453336513994676,4.394666666666667,0.5,0.19676666666666667,0.02,0.9068,0.030561871670432773
U0444,0.8506,0.03895895275799904,5.714166666666666,0.5,0.16113333333333332,0.02498356793307686,0.8430666666666666,0.0260417101332971
U0445,0.8400666666666666,0.030065107128807406,4.839333333333333,0.5874166040100216,0.0823,0.02,0.8235333333333333,0.02
U0446,0.8924166666666666,0.030597739567926684,6.753,0.5,0.16108333333333333,0.020890420452127488,0.8128666666666667,0.03205037701286314
U0447,0.83025,0.0344730474428937,6.588166666666666,0.6666289572668344,0.16288333333333332,0.03427415449966149,0.8938833333333333,0.04270734909434991
U0448,0.755,0.0377375144915507,6.577000000000001,0.6586115698953366,0.13461666666666666,0.02,0.9200333333333334,0.02336396085141957
U0449,0.7755833333333334,0.02,5.164833333333333,0.5,0.13111666666666666,0.02,0.88965,0.02
U0450,0.8148333333333334,0.030687043954520373,6.055,0.5,0.1138,0.02,0.8477833333333334,0.03261302909370224
U0451,0.8257666666666666,0.020325911213686508,8.030166666666666,0.5964218026419442,0.1054,0.02,0.8120833333333333,0.03182039702245506
U0452,0.81455,0.020557699287614858,4.390666666666667,0.5,0.17386666666666664,0.02,0.92165,0.03612106033881066
U0453,0.7311833333333334,0.02,4.8068333333333335,0.6045469102283683,0.1804,0.02,0.9250333333333334,0.021950003796506835
U0454,0.8387166666666667,0.02726854720491483,4.748666666666667,0.5655219418083322,0.14554999999999998,0.02,0.81255,0.02971711628001612
U0455,0.8013666666666667,0.022765119517952594,3.3661666666666665,0.5,0.1119,0.022710702322913754,0.8368166666666667,0.024344807796872543
U0456,0.86495,0.038380971848039507,7.9031666666666665,0.5,0.16103333333333333,0.021189494252262533,0.9103,0.0366862372014356
U0457,0.7992333333333334,0.03084267606201941,4.830666666666667,0.5,0.16743333333333332,0.02,0.9136333333333333,0.02478464578457128
U0458,0.9007666666666667,0.02492080790557695,8.187333333333333,1.1192030497933194,0.21330000000000002,0.02,0.8619833333333333,0.02
U0459,0.8315833333333332,0.02,7.7171666666666665,0.5,0.10756666666666666,0.02,0.9217666666666666,0.025492011820699163
U0460,0.8544166666666667,0.02243215697757721,9.003166666666667,0.5,0.09413333333333333,0.02,0.98055,0.023330216458490025
U0461,0.8982666666666667,0.022529240259419898,6.276666666666666,0.5,0.09505000000000001,0.02,0.9056333333333333,0.036262248505390116
U0462,0.8817333333333334,0.025528937828798667,6.2441666666666675,0.5566889316904606,0.20495,0.02,0.9043166666666668,0.022426717697127858
U0463,0.8454666666666667,0.02,7.206,0.6224120821449407,0.1284,0.02222494094480344,0.8391833333333333,0.032258606086851695
U0464,0.8318833333333333,0.032288289930974476,3.2896666666666667,0.5105325324273339,0.22035000000000002,0.02,0.8304333333333332,0.02729129287275828
U0465,0.93465,0.02,5.091166666666667,0.5,0.12306666666666667,0.02,0.9312166666666667,0.03129667181453432
U0466,0.8156166666666667,0.02,7.464666666666666,0.5,0.18241666666666667,0.02,0.8794,0.026457361924424782
U0467,0.6447666666666666,0.03148883399979534,5.035,0.6061805011710619,0.15788333333333335,0.02,0.8461333333333334,0.026038868382989848
U0468,0.85105,0.028266216584467034,5.118666666666667,0.5739643426787648,0.14311666666666667,0.02056223885345821,0.8713833333333333,0.027382141382051674
U0469,0.6791666666666667,0.03141844468885537,7.276,0.5,0.21463333333333334,0.023464157062776977,0.89825,0.02
U0470,0.7399833333333333,0.02820889339670497,5.5025,0.526814103835499,0.23185,0.02,0.9514833333333333,0.02673622386700608
U0471,0.8927,0.0250918313400995,6.6498333333333335,0.5,0.10381666666666667,0.02,0.9169833333333334,0.032787889024252025
U0472,0.856,0.03497124533098584,5.728666666666666,0.5,0.07143333333333333,0.029989909414112382,0.8487666666666667,0.02856183934319821
U0473,0.7202500000000001,0.038727083546272884,7.884166666666666,0.595087696618462,0.2497666666666667,0.02,0.8558,0.032263601782814
U0474,0.8298833333333334,0.02442575826185679,6.9385,0.5,0.2151833333333333,0.02,0.9306833333333334,0.024750063972981292
U0475,0.80475,0.03035007413500006,3.012166666666667,0.5,0.17994999999999997,0.02,0.8637666666666667,0.02706020448309038
U0476,0.7835833333333334,0.02142133671521615,6.384666666666667,0.6549368417387026,0.13871666666666668,0.02,0.9299,0.022354954708073103
U0477,0.8801333333333333,0.03450580627469334,7.186166666666668,0.5,0.14911666666666668,0.02,0.8275666666666667,0.03841747866097753
U0478,0.8023000000000001,0.029003172240291242,5.848,0.6190159933313518,0.16948333333333335,0.026758581178131742,0.9227500000000001,0.026850009310985364
U0479,0.8934333333333333,0.03515409886011399,6.7330000000000005,0.5,0.19958333333333333,0.02,0.8811166666666667,0.02428789135900166
U0480,0.745,0.02,9.658,0.6448761121331759,0.0734,0.02,0.9227666666666666,0.02
U0481,0.7818999999999999,0.02,5.590166666666666,0.5,0.11713333333333333,0.02,0.8950999999999999,0.03935189957295582
U0482,0.8414666666666667,0.02782277244752336,6.290833333333333,0.5,0.12938333333333332,0.02,0.9115166666666666,0.02
U0483,0.7626333333333334,0.021128621977466174,6.9055,0.5465768930351886,0.13413333333333333,0.02,0.8449666666666666,0.02451225543818169
U0484,0.7831833333333332,0.03469694030698768,5.7335,0.5,0.12861666666666668,0.028171078549936036,0.89655,0.03932199130257774
U0485,0.8057833333333333,0.02,6.527666666666666,0.5,0.21608333333333332,0.023330873679883204,0.8821333333333333,0.02
U0486,0.8338333333333333,0.0242508281645528,6.654333333333334,0.5,0.10781666666666667,0.021877697928865066,0.8389166666666666,0.02
U0487,0.8581166666666666,0.02,4.979333333333334,0.5852981006860235,0.09128333333333333,0.025807240586057753,0.8813166666666667,0.021596890208237567
U0488,0.7865333333333333,0.022658831979311428,7.332333333333334,0.745966397813378,0.09998333333333333,0.02,0.9458000000000001,0.02825767152473818
U0489,0.8501666666666666,0.028209478312557778,8.896333333333333,0.743356890508635,0.13848333333333332,0.02033385518456022,0.8693666666666666,0.02
U0490,0.7221166666666666,0.02285750788399002,4.7908333333333335,0.5142199594207393,0.24926666666666666,0.021305930316854675,0.8615333333333334,0.02
U0491,0.8075,0.02,5.9624999999999995,0.6728710872076462,0.07745,0.02,0.9175,0.02
U0492,0.7283,0.03740368965757256,6.557166666666667,0.6660214461011494,0.21383333333333332,0.028180395076482977,0.8277333333333333,0.03322117798433203
U0493,0.9026833333333334,0.021864621347434023,4.388333333333333,0.7112444493046441,0.16845,0.021704262254220934,0.8809,0.02202162573471814
U0494,0.8251166666666667,0.02,4.691333333333334,0.5294599764539966,0.17006666666666667,0.02,0.7754666666666666,0.032914414268928854
U0495,0.8185666666666666,0.029858778720280345,8.323333333333332,0.5,0.06608333333333334,0.02,0.8857333333333334,0.020439732548804705
U0496,0.8020333333333333,0.02,6.0264999999999995,0.5,0.1758666666666667,0.02,0.9611166666666667,0.03461944058858642
U0497,0.7604666666666667,0.02926579345698096,5.6285,0.5,0.19453333333333334,0.02,0.9430666666666667,0.04330384124609115
U0498,0.7772166666666666,0.0208543920234244,6.745666666666668,0.5506020946806023,0.22863333333333336,0.027148603401771262,0.8867166666666666,0.020999563487526757
U0499,0.7364499999999999,0.02,7.8725,0.5,0.10011666666666667,0.02,0.9144,0.022508753852668113
U0500,0.8215666666666667,0.02,5.953333333333333,0.5,0.13633333333333333,0.022016690638392195,0.8856333333333333,0.025030275001818595
U0501,0.7984666666666667,0.02,6.676166666666667,0.7008224929799746,0.12486666666666667,0.02,0.7795333333333333,0.02
U0502,0.9039333333333334,0.030156370250192046,6.7363333333333335,0.5,0.15595,0.023486400320185296,0.8957,0.023432456123932043
U0503,0.6962166666666666,0.02,6.5058333333333325,0.7532907583839499,0.18099999999999997,0.02,0.9218000000000001,0.028919197775872003
U0504,0.8337166666666667,0.02,5.3,0.5,0.19281666666666666,0.02,0.8116333333333333,0.03733500591491403
U0505,0.8192499999999999,0.03159422415569019,4.417,0.602239487247391,0.20066666666666666,0.028928094763856577,0.8312166666666667,0.02
U0506,0.8405999999999999,0.028646465750594808,5.816666666666666,0.5,0.12678333333333333,0.02259747035990238,0.9551666666666666,0.022070040024129253
U0507,0.8813333333333334,0.02219240110187865,3.5401666666666665,0.5,0.13116666666666665,0.026833238095069076,0.8967499999999999,0.02
U0508,0.918,0.021157220989534518,5.643833333333333,0.5,0.09683333333333333,0.02,0.9498166666666666,0.026920506434067487
U0509,0.9308166666666667,0.02,6.550999999999999,0.5,0.11133333333333333,0.02,0.8969,0.028905501206517786
U0510,0.9265333333333333,0.02449217562134215,6.214666666666666,0.5862397689228076,0.13471666666666668,0.02,0.9522499999999999,0.02
U0511,0.7729833333333334,0.0288397237619688,7.7236666666666665,0.7816975544714636,0.19481666666666667,0.02,0.85135,0.02315087471349627
U0512,0.8211499999999999,0.024972524902380253,5.543833333333333,0.735233953695466,0.15621666666666667,0.02,0.81115,0.02
U0513,0.8510333333333332,0.02,3.7016666666666667,1.0073346348987842,0.17791666666666664,0.020705305278277512,0.8906333333333333,0.02066849454282209
U0514,0.8109500000000001,0.03230886875147438,7.324833333333333,0.5,0.12539999999999998,0.02,0.98595,0.02
U0515,0.7644333333333333,0.0326251232437008,7.278333333333333,0.5,0.20338333333333333,0.02,0.86095,0.03734106318786325
U0516,0.80065,0.030066110490051756,4.822333333333334,0.5416421943189681,0.1944,0.02,0.9575833333333333,0.02
U0517,0.9492833333333334,0.023937202565602066,7.8425,0.5,0.13983333333333334,0.02,0.8902166666666668,0.027448090401094694
U0518,0.9287000000000001,0.02,6.559666666666666,0.5,0.14678333333333335,0.02,0.9045000000000001,0.02374169328417837
U0519,0.9314333333333332,0.02,8.040166666666666,0.5,0.10475000000000001,0.02,0.8514166666666667,0.030312071302810502
U0520,0.8657,0.02,5.9928333333333335,0.5271065989595145,0.05498333333333333,0.02,0.9028499999999999,0.04207111835927351
U0521,0.7793166666666668,0.02,9.407333333333334,0.6437439449553423,0.16945,0.026519483403716605,0.8713666666666667,0.02
U0522,0.7623666666666667,0.030870287764558763,6.371333333333333,0.5,0.23016666666666666,0.02,0.8687999999999999,0.020466851247810443
U0523,0.7589666666666667,0.02,5.1466666666666665,0.5,0.1824,0.02,0.8765499999999999,0.02
U0524,0.7820666666666667,0.03776006709033587,8.3465,0.5,0.20031666666666667,0.02,0.8088833333333333,0.020695353745869272
U0525,0.8493333333333334,0.02071846197637907,4.784833333333333,0.5,0.19648333333333334,0.02,0.9227166666666666,0.02194843198651481
U0526,0.7153499999999999,0.03174679511383787,6.278833333333334,0.5,0.14268333333333333,0.02,0.9251833333333334,0.022144291965801623
U0527,0.8232,0.025979992301769495,5.633166666666667,0.5,0.18156666666666665,0.021778031744550896,0.8379500000000001,0.021365462784597014
U0528,0.9174333333333333,0.022383714317929147,3.6679999999999997,0.5,0.17195000000000002,0.02,0.8449666666666666,0.02937758782927332
U0529,0.8734999999999999,0.02,7.375166666666666,0.5,0.2067,0.02,0.9237166666666666,0.02
U0530,0.7886833333333333,0.026039310026701318,4.070333333333333,0.5,0.14588333333333334,0.02,0.8746999999999999,0.03636107809182779
U0531,0.7877666666666667,0.025148571861373502,6.255166666666667,0.5,0.17441666666666666,0.02995953381924803,0.9391666666666666,0.034187054079968165
U0532,0.8009333333333334,0.02,9.078833333333334,0.5,0.18936666666666668,0.02521393794445181,0.8580333333333333,0.03796875908779042
U0533,0.7681,0.020617856338620646,5.689166666666666,0.5,0.16108333333333333,0.02,0.9898666666666666,0.02
U0534,0.9591333333333333,0.020820438676134215,8.535166666666667,0.5364689801532488,0.12456666666666666,0.02,0.9028499999999999,0.024451646161352824
U0535,0.8452333333333333,0.02446431414666404,5.491,0.5050908829111846,0.045066666666666665,0.02,0.8001666666666667,0.02
U0536,0.86115,0.030845080645055863,4.581666666666667,0.5666221551145584,0.13598333333333334,0.02,0.7599999999999999,0.02
U0537,0.7915666666666666,0.02,5.7796666666666665,0.7070857562323446,0.11431666666666668,0.02,0.86925,0.02
U0538,0.8301666666666666,0.021613298375460104,4.8585,0.5,0.14901666666666666,0.02690110902298764,0.8179500000000001,0.02
U0539,0.8297833333333333,0.02382531566772343,4.991833333333333,0.5,0.17425000000000002,0.02,0.8603999999999999,0.02790125445208511
U0540,0.8753666666666667,0.02,3.818,0.5,0.14855,0.02,0.8093,0.020088006371962407
U0541,0.6134166666666666,0.022628867993487147,8.821333333333333,0.5,0.1037,0.02,0.8559166666666668,0.024858673871843342
U0542,0.85155,0.02404576885857469,6.108666666666667,0.7107645648642499,0.16391666666666668,0.02,0.8469166666666667,0.02280845603425769
U0543,0.8009,0.021968613975396827,5.5575,0.8730247991895762,0.08028333333333333,0.02,0.8366666666666666,0.02
U0544,0.8741833333333333,0.0301499861802069,7.550999999999999,0.5,0.13635,0.02,0.9081166666666666,0.021996673991007576
U0545,0.8355,0.04398145063546675,7.972666666666666,0.5967789093681737,0.0669,0.02,0.9369333333333333,0.02
U0546,0.8373666666666667,0.02351634892296562,6.997,0.5,0.08034999999999999,0.02,0.88435,0.02
U0547,0.7451,0.022550121950889745,8.469,0.854147762392433,0.07970000000000001,0.02,0.8606833333333332,0.03482564667980574
U0548,0.8852333333333333,0.02455049218787004,4.651666666666666,0.5,0.1915,0.02,0.8351333333333333,0.02376961646023483
U0549,0.8024833333333333,0.030680248803858615,5.116499999999999,0.5183704273972425,0.1977,0.02,0.9343833333333333,0.02277467160392586
U0550,0.8146333333333334,0.02,3.5261666666666667,0.5,0.1291,0.02310991129364196,0.8246666666666668,0.02355416452915847
U0551,0.8076,0.020223155045640154,5.619833333333333,0.7152843956543906,0.161,0.02,0.9063333333333333,0.02318531144208904
U0552,0.9445833333333334,0.02,4.885166666666667,0.5815528924067583,0.14258333333333334,0.02,0.9664999999999999,0.02
U0553,0.8611,0.02722653117824598,5.547166666666667,0.6235419526115837,0.17515,0.02,0.8660166666666668,0.02
U0554,0.8552833333333334,0.030704815040424313,6.5295,0.5457115538450693,0.20211666666666664,0.02,0.8957166666666666,0.02011312175338943
U0555,0.71855,0.02,6.770333333333333,0.5882709126471123,0.1134,0.02,0.8675999999999999,0.02
U0556,0.84505,0.04184780758892873,3.6488333333333336,0.6500124357784755,0.10510000000000001,0.02,0.7578999999999999,0.030491244644979675
U0557,0.7736166666666667,0.02,5.663,0.5,0.19125,0.02,0.9403,0.02
U0558,0.8259,0.031088904773246676,6.3790000000000004,0.6166950624092916,0.18725,0.02,0.8422000000000001,0.021123446688454974
U0559,0.7929166666666667,0.02,5.191333333333334,0.5518357243479863,0.11731666666666667,0.02,0.9205166666666665,0.032674235517708254
U0560,0.8068333333333334,0.028893367174261057,5.4126666666666665,0.5584323295321167,0.06973333333333333,0.02,0.9486666666666667,0.026675206965770068
U0561,0.8715666666666667,0.030726904606007202,8.399333333333333,0.5,0.27258333333333334,0.02,0.9204,0.0230452598162833
U0562,0.7059833333333333,0.0335798401822681,8.435333333333332,0.5,0.09025,0.02,0.9509666666666666,0.03199747906736816
U0563,0.7678333333333334,0.024879764200383146,5.3995,0.5,0.20845000000000002,0.032804252773078066,0.9208833333333333,0.02
U0564,0.7422166666666666,0.03321189044102527,5.587833333333333,0.5412280172595161,0.0625,0.02,0.7971833333333334,0.02
U0565,0.8409166666666666,0.02,7.877333333333333,0.5,0.14543333333333333,0.02,0.9284500000000001,0.03121940101923803
U0566,0.8877833333333333,0.029497078951426135,3.6519999999999997,0.5,0.22940000000000002,0.02,0.7711666666666667,0.02
U0567,0.7216,0.024967659081299547,3.7448333333333337,0.5,0.09581666666666666,0.02,0.8123833333333333,0.025565086869922156
U0568,0.9465333333333333,0.02,5.705166666666667,0.548924918970406,0.11953333333333332,0.02,0.7758666666666666,0.023718150574331624
U0569,0.8036833333333333,0.03540725443559083,4.417166666666667,0.5,0.14845,0.02,0.9415166666666667,0.02490111777946257
U0570,0.8297,0.02,5.703333333333333,0.6142688879201571,0.135,0.02,0.8137333333333333,0.0213600249687744
U0571,0.8350333333333334,0.02,5.2135,0.5,0.21011666666666665,0.02,0.8782833333333334,0.026957330481089312
U0572,0.8814666666666667,0.023031514641175217,3.8685000000000005,0.5,0.08133333333333333,0.02,0.88565,0.024791671988794953
U0573,0.8369666666666666,0.0249039488167372,5.268166666666667,0.5,0.1915,0.02,0.8561,0.02347407080163133
U0574,0.78235,0.02509571676601407,5.027166666666667,0.5,0.10411666666666668,0.02,0.8511666666666667,0.02930349239709612
U0575,0.7429,0.03134555789900702,9.204333333333333,0.5,0.17579999999999998,0.02,0.80245,0.023249064497308312
U0576,0.7136166666666667,0.03659898450321628,4.9750000000000005,0.6561106613979076,0.16061666666666666,0.02,0.8670166666666667,0.029025741449042602
U0577,0.8018333333333333,0.02,6.235333333333333,0.6528334141775117,0.10651666666666666,0.020232984620828103,0.9762166666666666,0.02
U0578,0.8673833333333333,0.028920056477584322,6.139666666666667,0.5,0.17148333333333332,0.02,0.8347833333333333,0.022333330845770986
U0579,0.7779333333333334,0.020944848213025242,6.362666666666667,0.5,0.11853333333333332,0.02,0.8602666666666666,0.03514300309687076
U0580,0.67565,0.022623947489330835,6.909666666666666,0.5256689706142703,0.11375,0.02,0.8643166666666667,0.02635689030721695
U0581,0.9280666666666667,0.0412512141235463,6.804833333333334,0.5,0.10401666666666666,0.025507364949493842,0.80885,0.026414976812407006
U0582,0.8839166666666666,0.03764876713342238,5.6114999999999995,0.5,0.12323333333333335,0.02,0.8742666666666666,0.038644620151667516
U0583,0.8540833333333334,0.02,5.922499999999999,0.5041248853210882,0.08750000000000001,0.02,0.89565,0.02
U0584,0.84415,0.024271856130094385,6.558833333333333,0.6220039924845069,0.17435,0.02,0.8417499999999999,0.02
U0585,0.8349333333333333,0.02,3.4955,0.5,0.23995,0.024053502863408474,0.7606833333333333,0.02
U0586,0.84795,0.027358490455432663,5.887333333333333,0.5,0.17658333333333334,0.02,0.8099500000000001,0.02246114422730955
U0587,0.8870166666666667,0.02,5.053666666666667,0.5,0.23644999999999997,0.02245206003911445,0.8204333333333333,0.02330730929701381
U0588,0.8026333333333334,0.02,3.8078333333333334,0.5,0.20983333333333332,0.02,0.8637833333333335,0.02977538692723682
U0589,0.8336166666666666,0.02319831172018059,6.370166666666667,0.5,0.19661666666666666,0.02163565729684833,0.8680333333333333,0.021878817762088217
U0590,0.8001666666666667,0.03795290063574409,8.799999999999999,0.5,0.19645,0.02,0.9255333333333334,0.026567172726254917
U0591,0.8010666666666667,0.029061153911478937,4.598166666666667,0.5,0.16468333333333332,0.02,0.8633166666666666,0.022976633057666784
U0592,0.7273666666666667,0.022348124455234868,7.086833333333334,0.5,0.1338,0.02,0.8381500000000001,0.035253921767655835
U0593,0.6955999999999999,0.025048912152027685,5.608666666666667,0.573421892385237,0.18289999999999998,0.02,0.9285166666666668,0.02141321243220332
U0594,0.7864666666666666,0.021450656555608433,5.655833333333334,0.5771240479018931,0.15538333333333335,0.026358256138573857,0.9861833333333333,0.021376661728779497
U0595,0.8398833333333333,0.02,5.518833333333333,0.5,0.2470166666666667,0.02,0.9831166666666666,0.02
U0596,0.8385333333333334,0.02,5.851666666666667,0.5321265513641155,0.15941666666666668,0.02227477646726599,0.9242166666666667,0.0395597480612133
U0597,0.8513833333333333,0.028791277614351685,5.283166666666666,0.5007240424292275,0.08513333333333334,0.02,0.8373833333333334,0.02
U0598,0.88105,0.02,5.1815,0.5,0.10383333333333333,0.02,0.8965166666666667,0.02581018532801862
U0599,0.8112166666666667,0.024515498499248677,8.575000000000001,0.5,0.12348333333333333,0.02,0.9039666666666667,0.02
U0600,0.8552666666666666,0.04888135295454356,8.342666666666666,0.5,0.19215000000000002,0.02,0.8224,0.021239679846928008
U0601,0.7512500000000001,0.034653989669300715,6.740833333333334,0.5,0.15201666666666666,0.020058256820239068,0.9322833333333334,0.04173389110383392
U0602,0.7520166666666667,0.02459011318938296,4.996833333333334,0.5990056482760964,0.11438333333333334,0.02,0.8542833333333334,0.02
U0603,0.7824333333333334,0.04297653623393428,4.593666666666667,0.5793481394348883,0.25056666666666666,0.02,0.8545833333333334,0.02
U0604,0.8015500000000001,0.02,6.797666666666667,0.6391762406931809,0.14138333333333333,0.02,0.9135333333333334,0.040297526805831
U0605,0.8076333333333333,0.028098374804722576,7.181333333333334,0.5,0.15145,0.02,0.9056833333333333,0.03307503086418315
U0606,0.74125,0.02,5.6495,0.5,0.16741666666666666,0.02,0.8244166666666667,0.03560395577273214
U0607,0.7997833333333334,0.021307220998212514,4.066666666666666,0.6334621272551868,0.08460000000000001,0.02,0.8503833333333333,0.039439798004891786
U0608,0.81025,0.020908921540815993,6.262333333333333,0.5,0.16495,0.029400527206157375,0.9352166666666667,0.02
U0609,0.8292833333333333,0.03728251153914751,8.401833333333334,0.5,0.17178333333333332,0.02,0.9259333333333334,0.027974893505903962
U0610,0.9299666666666667,0.02,7.6385,0.5,0.15808333333333333,0.0270898812597373,0.8783833333333333,0.021423390643562152
U0611,0.9474666666666667,0.02,8.328000000000001,0.5491932264695184,0.18716666666666668,0.022783473542606864,0.8657166666666667,0.05194529494253223
U0612,0.8701166666666666,0.04269910615770159,8.252833333333333,1.098778124403042,0.18689999999999998,0.02,0.7725333333333334,0.033290158705939904
U0613,0.779,0.02,6.947500000000001,0.5,0.15864999999999999,0.023326015519158,0.8887666666666667,0.02878657094317882
U0614,0.8087,0.02585869292907124,5.692833333333334,0.5,0.15455,0.02,0.8441666666666667,0.04038067194421941
U0615,0.8775,0.02,7.1815,0.7560732107408648,0.14363333333333334,0.02,0.8638833333333333,0.02
U0616,0.7466333333333334,0.02,3.0361666666666665,0.6898644552857226,0.06843333333333333,0.02,0.8825,0.02741816915842486
U0617,0.89195,0.03641877263170741,6.7441666666666675,0.5015146724340842,0.11513333333333332,0.02,0.8533,0.02
U0618,0.74765,0.02,5.1075,0.5,0.1830166666666667,0.02,0.8203166666666667,0.022140769333215737
U0619,0.8286833333333333,0.025578304608919383,3.2413333333333334,0.5,0.19683333333333333,0.029419222740695694,0.8458666666666667,0.02
U0620,0.8604666666666666,0.02858290864601895,5.52,0.5,0.13676666666666668,0.02,0.8872666666666666,0.02
U0621,0.8268333333333334,0.03094347534887874,5.7115,0.5,0.08143333333333333,0.02,0.8526666666666666,0.02
U0622,0.8773833333333334,0.02,5.1005,0.6100517191189616,0.24828333333333333,0.02077415862716627,0.9303333333333333,0.02568896001528024
U0623,0.8268666666666666,0.022359487173606366,4.694,0.5874623392184386,0.14965,0.024269219188099152,0.8835666666666667,0.03395925008987486
U0624,0.8632333333333334,0.02718754616854315,5.870833333333334,0.6344450856194465,0.1798833333333333,0.02,0.9153333333333333,0.02931454701452277
U0625,0.8358333333333333,0.029098980509060172,6.9366666666666665,0.5,0.12698333333333334,0.02,0.9090333333333334,0.022535009799568934
U0626,0.809,0.02,6.782333333333334,0.5762234520276546,0.20531666666666668,0.02,0.8321333333333333,0.02
U0627,0.82305,0.025932662801956923,7.244666666666667,0.5,0.22195,0.02,0.9344,0.027464085639248934
U0628,0.93445,0.02,7.043666666666667,0.5,0.11904999999999999,0.02,0.8474,0.021786876783972484
U0629,0.8878833333333334,0.022509945949883283,5.695333333333333,0.5,0.18136666666666668,0.02,0.8915333333333333,0.025061338086117144
U0630,0.7158666666666668,0.029038778670368803,6.408833333333334,0.5445961500659608,0.16313333333333332,0.02,0.9134000000000001,0.02
U0631,0.7026333333333333,0.02,8.993166666666667,0.5,0.1605,0.02,0.8842666666666666,0.02
U0632,0.7907166666666666,0.02,6.189,0.7048401237160098,0.14423333333333335,0.02,0.8734000000000001,0.024914413499017032
U0633,0.8986999999999999,0.02550866519440012,4.446833333333333,0.5846480707799065,0.13828333333333334,0.02,0.9159666666666667,0.021861808403393065
U0634,0.6810833333333334,0.02248541008446736,3.6253333333333333,0.5,0.10588333333333333,0.02,0.9042666666666667,0.02
U0635,0.8779166666666667,0.02,5.7459999999999996,0.5155288546725585,0.15676666666666667,0.02,0.9225833333333333,0.020075798033121036
U0636,0.7371,0.024373920488916002,7.368666666666667,0.6226750891650208,0.22141666666666668,0.02141078388725333,0.8933166666666666,0.02
U0637,0.8469666666666668,0.02,5.6816666666666675,0.5,0.14118333333333333,0.022999427529107476,0.8374333333333334,0.02282767326441019
U0638,0.8699333333333333,0.025996204851221383,7.453166666666667,0.6795885274683989,0.16361666666666666,0.02,0.8308833333333333,0.02
U0639,0.9481166666666666,0.02893616537599042,5.151833333333333,0.5,0.20983333333333334,0.023900013946997322,0.82565,0.035472961534103696
U0640,0.7699166666666667,0.03604205414049906,5.3655,0.5,0.05636666666666667,0.02,0.9617999999999999,0.02502159067685346
U0641,0.7436833333333334,0.028192581766604233,6.491333333333333,0.5,0.11213333333333335,0.020035634920477736,0.7981666666666666,0.021341758752892577
U0642,0.7797000000000001,0.037111453757566526,2.6779999999999995,0.5,0.0841,0.02,0.8960666666666667,0.02485547558721554
U0643,0.8981333333333333,0.02,6.6191666666666675,0.5,0.23058333333333333,0.02,0.9297833333333333,0.03025454786749695
U0644,0.8061833333333333,0.031063832131059836,5.614999999999999,0.5560834469753619,0.12538333333333332,0.02,0.9059833333333334,0.038476975799387705
U0645,0.7560166666666667,0.026507766157612526,3.5035000000000003,0.5,0.12455000000000001,0.02,0.85095,0.02
U0646,0.7648666666666667,0.02,5.954166666666667,0.5,0.02975,0.02,0.76455,0.023692340534442767
U0647,0.8296166666666668,0.02326812555120559,6.249333333333333,0.5,0.14181666666666667,0.02,0.89515,0.03884192322735835
U0648,0.8645499999999999,0.026877258044674116,3.651666666666667,0.6921556664989938,0.11309999999999999,0.02,0.9857666666666667,0.02
U0649,0.8144166666666667,0.02,6.421166666666667,0.6266895297247805,0.16431666666666667,0.02,0.8963166666666668,0.02
U0650,0.8791333333333333,0.027877709135914763,5.473166666666667,0.5,0.05048333333333333,0.02,0.7811333333333333,0.025610752950014325
U0651,0.7921,0.02004534858763995,9.218166666666667,0.5,0.1850333333333333,0.02,0.88475,0.026912283440837948
U0652,0.71755,0.03695958603664278,3.1573333333333333,0.6168551423686655,0.15131666666666668,0.022430641245106363,0.8103166666666667,0.02
U0653,0.8191833333333333,0.02,7.2515,0.5377113537949518,0.10991666666666666,0.0225166086848501,0.9116333333333334,0.02
U0654,0.7810666666666667,0.02,6.818666666666666,0.5,0.1826,0.02,0.8393333333333333,0.02
U0655,0.7384499999999999,0.02,6.099166666666666,0.7754452699363553,0.15941666666666668,0.02,0.8353,0.029929984964914363
U0656,0.8748333333333332,0.03652493212405285,6.641500000000001,0.718665638527403,0.15698333333333334,0.02,0.9339833333333334,0.023813560562559052
U0657,0.8232166666666667,0.027835043859614526,7.4206666666666665,0.5,0.13386666666666666,0.023883690390445668,0.90975,0.02
U0658,0.7637166666666667,0.02,5.9864999999999995,0.5,0.14838333333333334,0.023676774836676264,0.89255,0.03788000791974576
U0659,0.8138,0.02,7.633666666666667,0.5634545826121804,0.19131666666666666,0.02,0.8550666666666666,0.02
U0660,0.7938999999999999,0.02,7.058833333333333,0.5246329828238656,0.13470000000000001,0.02,0.8874333333333334,0.023178150630856324
U0661,0.84845,0.03334832829393401,7.3135,0.5674172186319338,0.16861666666666666,0.02,0.9369999999999999,0.02
U0662,0.8043666666666667,0.028197352121549793,7.515333333333333,0.5,0.1946,0.02,0.8941166666666667,0.02335246596543215
U0663,0.9196166666666666,0.026424868337735673,4.538,0.5,0.22143333333333334,0.02,0.8941500000000001,0.022537945780394468
U0664,0.8473666666666667,0.031396857592228364,5.238333333333333,0.5648970407664272,0.16205,0.02,0.8955166666666666,0.021131911098305003
U0665,0.8696333333333334,0.020684841470667993,5.234166666666667,0.5,0.14695,0.02,0.9547666666666667,0.024419800708987482
U0666,0.8584333333333333,0.023137473212662334,6.009333333333333,0.5,0.14658333333333332,0.02,0.8074500000000001,0.021945819647486393
U0667,0.7702666666666667,0.03090292327056882,4.426833333333334,0.5,0.12173333333333335,0.02,0.7997833333333334,0.029251763479603544
U0668,0.8313666666666667,0.02,6.474833333333334,0.5,0.18371666666666667,0.02,0.85575,0.030952011243213288
U0669,0.8131333333333334,0.029645685464611292,6.356000000000001,0.5,0.17955,0.02,0.8501333333333334,0.03257322008439857
U0670,0.8897333333333334,0.023780888685384874,6.664333333333334,0.5022296951263104,0.20326666666666668,0.020015860377877004,0.7700333333333335,0.024684705116056534
U0671,0.8189833333333333,0.02712957181134023,4.841,0.5,0.0832,0.02,0.7998833333333333,0.021249227436936788
U0672,0.7611,0.02,3.075333333333333,0.5,0.1042,0.02,0.8116333333333333,0.02763683532292849
U0673,0.8559833333333332,0.02,6.887666666666667,0.5714877659816233,0.08571666666666666,0.024967211832054186,0.9087999999999999,0.03776580463858803
U0674,0.9297333333333334,0.028041873451441643,6.5035,0.5026158572906348,0.16355,0.024859746579561106,0.9321666666666667,0.025471448067722155
U0675,0.9212166666666667,0.02,6.127833333333334,0.6215720124544435,0.18245,0.02,0.8597166666666668,0.040342157436937684
U0676,0.8174333333333333,0.02,5.428666666666667,0.5,0.1349,0.020097163979029477,0.8606666666666666,0.02
U0677,0.8027166666666666,0.020999944444370963,6.2636666666666665,0.6054729281038641,0.11761666666666666,0.02,0.8749333333333333,0.03209901348432172
U0678,0.8020999999999999,0.05277563831920941,5.7700000000000005,0.5,0.1228,0.02,0.9724666666666666,0.02
U0679,0.7155833333333333,0.02,7.179166666666667,0.5271877907033382,0.19901666666666665,0.02,0.8434166666666667,0.02
U0680,0.8283333333333333,0.027537078034291583,7.856000000000001,0.5,0.21801666666666666,0.02,0.9537,0.02803333729686858
U0681,0.7569166666666667,0.033928714485913954,4.1235,0.5,0.10715000000000001,0.02,0.8477166666666666,0.0377274126685977
U0682,0.8443999999999999,0.030950735047814332,4.405833333333333,0.5,0.20875,0.02,0.8206000000000001,0.02
U0683,0.7236833333333333,0.03461447192528966,6.248833333333334,0.5,0.11515000000000002,0.02,0.9438333333333334,0.02
U0684,0.8069500000000001,0.03175025984145644,3.683666666666667,0.5,0.09570000000000001,0.02,0.9798333333333332,0.02
U0685,0.63965,0.02320954545009446,3.7495,0.5,0.1578166666666667,0.02,0.8818333333333334,0.035248413675889975
U0686,0.89125,0.02,2.9858333333333333,0.5,0.1396666666666667,0.02,0.9333666666666667,0.02245151813723665
U0687,0.81245,0.032723065259843906,3.4493333333333336,0.5924723340938939,0.0857,0.02,0.9117166666666666,0.02067969213181542
U0688,0.8206833333333333,0.02,5.048,0.720454578720963,0.19651666666666667,0.02,0.9361333333333333,0.0208469342270432
U0689,0.7089833333333333,0.029658483890223842,5.248,0.5,0.13035,0.02,0.7938166666666667,0.021824153286362943
U0690,0.9311833333333334,0.02064862384437924,7.520666666666667,0.6063288436703856,0.11095,0.02,0.8953833333333333,0.02
U0691,0.8050833333333333,0.02,5.040166666666667,0.7405550395930519,0.14996666666666666,0.021990240259412052,0.82355,0.02
U0692,0.76315,0.03023810509936097,7.7796666666666665,0.5,0.0976,0.02,0.9343499999999999,0.03495504255468728
U0693,0.7969166666666667,0.02972819649199503,6.5568333333333335,0.5057910306308986,0.13675,0.02,0.8468,0.02523378687395134
U0694,0.8507333333333333,0.03393597894074467,6.3075,0.5,0.14603333333333332,0.02,0.93825,0.020971766735303928
U0695,0.6397166666666667,0.02,6.1935,0.5,0.13001666666666667,0.02,0.9326333333333334,0.02
U0696,0.7875333333333333,0.02,6.458333333333333,0.5,0.18251666666666666,0.02,0.9671333333333333,0.02013570626192849
U0697,0.9346666666666666,0.02,5.2443333333333335,0.5,0.20133333333333334,0.02,0.8750333333333334,0.03358110579874739
U0698,0.8630666666666666,0.02,5.321,0.5828347964903948,0.18415,0.02,0.8212666666666667,0.02
U0699,0.7688,0.02,5.6866666666666665,0.5,0.030616666666666667,0.02,0.9127166666666667,0.02
U0700,0.9684666666666667,0.023901938554574727,6.2748333333333335,0.7173792349006674,0.15603333333333333,0.02,0.8736166666666666,0.02
U0701,0.7783833333333333,0.038310333679918075,4.383333333333334,0.5,0.1313,0.02,0.9723666666666667,0.02
U0702,0.93155,0.036855270993441346,7.573833333333333,0.5319245873868462,0.1394,0.02,0.8921333333333333,0.021963211665570855
U0703,0.8789333333333333,0.02928546852393975,3.853666666666667,0.5,0.11895,0.02,0.8338666666666666,0.02
U0704,0.80755,0.0337041688816087,5.3198333333333325,0.6149359045190534,0.07983333333333333,0.022640995266698563,0.8871166666666667,0.025978099750879922
U0705,0.90515,0.03627212428298071,6.072833333333333,0.5,0.2655666666666667,0.02,0.9148333333333333,0.02
U0706,0.9230999999999999,0.025400314958677193,3.2198333333333333,0.6696866182526471,0.19728333333333334,0.02,0.8639833333333334,0.020902288550937845
U0707,0.95295,0.021927220526094963,6.4190000000000005,0.5,0.15791666666666668,0.02,0.8882666666666666,0.022272823500101343
U0708,0.7968666666666667,0.028054209428651992,8.100333333333333,0.5,0.13111666666666666,0.02,0.8535666666666667,0.02
U0709,0.7268333333333333,0.023680596839325368,6.421499999999999,0.616357607237876,0.12483333333333334,0.02,0.8555833333333333,0.027921562754736087
U0710,0.8147333333333333,0.024482129537004488,8.688833333333333,0.5,0.1607333333333333,0.02,0.8429666666666668,0.02
U0711,0.7839666666666667,0.02,5.148,0.6818389839250907,0.204,0.02,0.91995,0.02890015570892306
U0712,0.9051333333333332,0.035090720520768254,6.539333333333334,0.5,0.1145,0.02,0.7904333333333334,0.02
U0713,0.8661666666666666,0.02,8.831000000000001,0.5,0.057916666666666665,0.02,0.9217,0.02
U0714,0.6971333333333334,0.03078094648750531,8.832,0.5079118033674745,0.14485,0.02,0.9880166666666667,0.02
U0715,0.8197333333333333,0.02,5.944333333333333,0.7403676564158287,0.18143333333333334,0.02,0.8325333333333332,0.024006804590921024
U0716,0.8495499999999999,0.02,4.173666666666667,0.735709362905398,0.17615,0.02,0.8539333333333333,0.02
U0717,0.8295666666666667,0.027439217675922698,6.517,0.5253018180056109,0.20245000000000002,0.029360773150583084,0.9225666666666666,0.0355490459318765
U0718,0.9121666666666667,0.02,5.6615,0.5,0.20750000000000002,0.02,0.8988,0.02441679749680535
U0719,0.7683,0.03290999848070496,4.250166666666667,0.5316357462273078,0.061066666666666665,0.02,0.8282833333333333,0.022926789279501494
U0720,0.7867833333333333,0.03439519830829101,3.936,0.7094851654545006,0.22783333333333333,0.02,0.8242333333333334,0.02
U0721,0.7117166666666667,0.02,6.113666666666667,0.5,0.08563333333333334,0.020723770570691684,0.8635166666666666,0.02754308745704928
U0722,0.8677833333333332,0.02,8.389833333333334,0.5650919984096984,0.1265,0.02,0.8749333333333333,0.02329306048304232
U0723,0.72675,0.027590415002315596,9.561166666666667,0.5,0.1985,0.02,0.9681333333333333,0.02
U0724,0.84185,0.030410244984215434,7.017,0.5,0.1455,0.02326662846224179,0.8549166666666667,0.02
U0725,0.8702833333333334,0.024246518650450938,6.997333333333334,0.5,0.18264999999999998,0.02,0.8016333333333333,0.022510145860626187
U0726,0.6323166666666666,0.02562509837379494,6.209499999999999,0.5413822124894758,0.15083333333333335,0.02486915090361283,0.8161666666666667,0.02702603682870774
U0727,0.7703166666666666,0.02,7.529833333333333,0.5,0.19025,0.02,0.8209333333333334,0.033085505386296656
U0728,0.8062666666666667,0.03658916050781523,5.762666666666667,0.5,0.18131666666666665,0.02,0.9805,0.025475164376309686
U0729,0.8063333333333333,0.02233380099012856,5.891166666666667,0.5519447134149099,0.16015000000000001,0.02,0.9630333333333333,0.02754252469666984
U0730,0.7315666666666667,0.023482986749275885,5.253333333333333,0.6603519263746163,0.06105,0.026194865909181516,0.8475666666666667,0.024460307983888253
U0731,0.8175666666666667,0.02,4.8886666666666665,0.6640089356828467,0.125,0.02,0.9770166666666666,0.02
U0732,0.8378333333333333,0.021843687112451205,6.7755,0.5,0.12638333333333332,0.02,0.9591333333333333,0.02296768744707806
U0733,0.8566666666666666,0.030408069104543117,4.3405,0.7047191639227645,0.13799999999999998,0.02,0.9561000000000001,0.02
U0734,0.7196333333333333,0.02,7.168166666666667,0.5,0.21688333333333332,0.02,0.8193666666666667,0.031234510828035498
U0735,0.7604333333333333,0.021778766417468728,3.5341666666666662,0.5,0.15573333333333333,0.021883113733348523,0.9204666666666667,0.03827206117609378
U0736,0.8320166666666666,0.02541774314660268,7.002833333333334,0.5,0.053516666666666664,0.02,0.8215833333333333,0.020738796172070053
U0737,0.91775,0.030546145419676107,5.854166666666667,0.5678987292349462,0.19535,0.02,0.7949333333333333,0.02
U0738,0.8006000000000001,0.02040245083317195,6.955333333333333,0.5580217439013171,0.1245,0.02,0.8569333333333334,0.02
U0739,0.9102,0.03254301768428981,5.765666666666667,0.5005867224234642,0.23473333333333335,0.025215920896661043,0.89215,0.02870315313689425
U0740,0.7597333333333333,0.0288824975836001,4.607500000000001,0.5303631774548456,0.18051666666666666,0.02,0.8987833333333333,0.03199933853483016
U0741,0.8381333333333334,0.029386572897612043,5.601,0.5564570064254741,0.18076666666666666,0.022728894972406082,0.9524666666666667,0.02800104759944999
U0742,0.7699833333333334,0.024178123720972784,7.898833333333333,0.5,0.20251666666666668,0.025079506906370126,0.8902166666666668,0.02294449098730819
U0743,0.7258,0.024979911929388397,6.459333333333333,0.5,0.15751666666666667,0.02601725709344985,0.8149166666666666,0.02141741503232047
U0744,0.8481333333333333,0.023802240790872287,5.275833333333334,0.5,0.15321666666666667,0.02,0.9211999999999999,0.029769380242121283
U0745,0.8004833333333333,0.022353649962962803,6.3691666666666675,0.5305606154499846,0.15638333333333335,0.02,0.92435,0.02377997056348051
U0746,0.8119833333333334,0.022620912153727718,7.6946666666666665,0.5,0.15148333333333333,0.02,0.9462333333333334,0.026465197272392823
U0747,0.8461,0.02,5.024,0.7329854023103051,0.23115,0.021241257024950295,0.9641166666666666,0.02010287707435596
U0748,0.7909166666666666,0.02,5.963333333333334,0.5,0.09056666666666667,0.02,0.7484500000000001,0.02261130248349265
U0749,0.8009333333333334,0.023939562791886276,7.631833333333333,0.5,0.11921666666666668,0.02,0.8863833333333333,0.03801838590296365
U0750,0.7615333333333334,0.03011356283581646,6.471166666666666,0.5,0.19536666666666666,0.024422830848750247,0.8893166666666666,0.02
U0751,0.7402333333333333,0.025294478975987356,3.358,0.5,0.12911666666666666,0.02,0.8656666666666667,0.02402920445347009
U0752,0.7798166666666667,0.029231792053630027,6.976833333333334,0.5,0.17023333333333335,0.02,0.8944333333333333,0.029809506313702466
U0753,0.84095,0.02,7.2235000000000005,0.5,0.15905,0.021489229860560382,0.9031666666666666,0.02
U0754,0.8491166666666666,0.03230259535496596,5.116833333333333,0.5,0.12715,0.02,0.9173166666666667,0.02595653418056168
U0755,0.8524166666666666,0.03074237574857653,9.0295,0.800050685894337,0.030600000000000002,0.021068080121358943,0.9382333333333334,0.020814386050678202
U0756,0.8459,0.02,5.074166666666667,0.5,0.20503333333333332,0.02,0.8428,0.020132262664688184
U0757,0.9114666666666666,0.035758728538171844,7.907333333333334,0.5,0.22691666666666666,0.02,0.8677,0.02537691864667575
U0758,0.9291,0.033883211181940806,4.467,0.6559798777401638,0.18788333333333332,0.022413426035897906,0.9299,0.021737157127830652
U0759,0.8563666666666667,0.02,3.4806666666666666,0.5,0.17686666666666664,0.02,0.8385833333333332,0.02553722120095816
U0760,0.8223166666666666,0.03807500054716569,4.5168333333333335,0.5,0.16155,0.02,0.88245,0.027067970001461123
U0761,0.8903500000000001,0.02,7.2985,0.5,0.11903333333333332,0.02,0.8719833333333332,0.02
U0762,0.7664333333333334,0.02222644071070908,7.282166666666666,0.5376442752105399,0.22318333333333332,0.02409991009665112,0.8460666666666666,0.03899152044569008
U0763,0.7670833333333333,0.02,5.845166666666667,0.5798004541794244,0.2116,0.02,0.9432166666666667,0.02
U0764,0.80055,0.021139985808888328,3.814,0.5,0.08858333333333333,0.02,0.9047499999999999,0.023480268311925265
U0765,0.8325666666666667,0.024959059811352415,4.458166666666666,0.5,0.11435,0.02,0.9006,0.030645586957994454
U0766,0.8847,0.024630062931304052,4.906666666666666,0.5,0.20651666666666668,0.02,0.8436333333333333,0.020110362171444515
U0767,0.80445,0.028819489933029692,6.232166666666667,0.5572451584954925,0.1950333333333333,0.02018610082870554,0.9603,0.023821502891295514
U0768,0.8234499999999999,0.031781677111190954,7.265666666666667,0.5,0.15205,0.02,0.8482,0.038088475947456873
U0769,0.8231,0.02707641039724433,3.4019999999999997,0.6568488410585802,0.2119,0.02,0.89695,0.029115064829053725
U0770,0.9043833333333334,0.02167453959526401,5.382833333333333,0.5,0.13971666666666668,0.02,0.9539833333333334,0.022645212886318065
U0771,0.7952499999999999,0.02,5.561666666666667,0.5,0.1875,0.023303561959494512,0.84775,0.022385151328503432
U0772,0.7720166666666667,0.02,4.467,0.6785658405784951,0.18435,0.023219022373907147,0.7856166666666667,0.02
U0773,0.8829333333333333,0.022488545232332555,7.8950000000000005,0.5,0.14895,0.02,0.8558833333333333,0.024064780627852528
U0774,0.8133166666666667,0.02,4.924666666666667,0.7039004664486781,0.03593333333333333,0.02,0.7849666666666666,0.0247064094248166
U0775,0.8493333333333334,0.02,4.5475,0.7820648950055231,0.10515000000000001,0.02,0.8825666666666666,0.025419651190893035
U0776,0.8286333333333333,0.027762828866429765,7.3293333333333335,0.5,0.1404,0.02,0.9448166666666666,0.02249314710454424
U0777,0.9509833333333333,0.02,4.9605,0.5,0.13405,0.02,0.9182,0.02114700924480811
U0778,0.8118666666666666,0.025280479953249838,7.955000000000001,0.5,0.15761666666666665,0.02,0.9680166666666666,0.02
U0779,0.9123333333333333,0.02297378215850984,4.5165,0.5,0.20804999999999998,0.020246654044557583,0.92535,0.028957606945326137
U0780,0.8441333333333333,0.02,5.776833333333333,0.5,0.13871666666666668,0.02,0.8921166666666668,0.03303945621021428
U0781,0.77855,0.025694649248433028,5.085666666666667,0.5,0.12825,0.02,0.8988666666666667,0.0368809797411439
U0782,0.7610166666666668,0.02709637737164631,9.8095,0.5,0.17525,0.02,0.8727666666666667,0.02
U0783,0.8553333333333333,0.02460127367976434,5.038333333333333,0.5,0.10026666666666667,0.02,0.9205833333333334,0.03621615201352385
U0784,0.79025,0.02,5.511333333333333,0.5,0.1183,0.02140532643993079,0.9193333333333333,0.020647776312878532
U0785,0.83975,0.02339630312677625,5.3555,0.5,0.19886666666666666,0.02,0.8649166666666667,0.027955709017420154
U0786,0.8366833333333333,0.023860713875881116,3.4971666666666668,0.5,0.14575000000000002,0.02092699213934004,0.9214666666666668,0.02
U0787,0.9076166666666667,0.02,4.148666666666666,0.5,0.23898333333333333,0.02,0.8476666666666667,0.02
U0788,0.8544333333333333,0.028073166309959846,4.9135,0.5,0.17886666666666665,0.025793539242738025,0.8164166666666667,0.02981874689967145
U0789,0.8586999999999999,0.04112352125000972,5.655666666666666,0.7319479945096286,0.11658333333333333,0.02,0.8195166666666666,0.023767744248595967
U0790,0.8184166666666667,0.02672507561573335,4.343666666666667,0.6157621835308388,0.18081666666666665,0.02,0.923,0.02
U0791,0.8494333333333333,0.026633262411253092,7.961166666666667,0.5,0.07618333333333333,0.022787138185096138,0.8219,0.020398529358755267
U0792,0.9320166666666667,0.02348977791863229,4.182333333333333,0.6437308961566681,0.07688333333333333,0.02,0.8598500000000001,0.025342592606124585
U0793,0.8334666666666667,0.02,6.3148333333333335,0.5,0.11121666666666667,0.02445268219780126,0.92755,0.02
U0794,0.8054,0.02181320700859918,7.437,0.5,0.19633333333333333,0.02,0.9282166666666667,0.024926645716314637
U0795,0.8528833333333333,0.027364679180773618,2.9601666666666664,0.5,0.10693333333333334,0.02,0.80005,0.02
U0796,0.7218166666666667,0.030961809809290322,6.483999999999999,0.5,0.14596666666666666,0.02,0.7886833333333333,0.025447547360534888
U0797,0.8592333333333334,0.02,6.585,0.505726408248571,0.15323333333333333,0.025854258192156022,0.8511666666666667,0.03172076081475138
U0798,0.7242500000000001,0.038751812860819836,7.561166666666668,0.5,0.19116666666666668,0.02,0.89555,0.02
U0799,0.8006333333333333,0.02,6.674666666666667,0.5748883949660724,0.17275,0.024661285449059624,0.9335,0.033732476932475636
U0800,0.8212,0.02097836981273809,8.423499999999999,0.5,0.23183333333333334,0.020629655030239023,0.85735,0.029234825123472183
U0801,0.6939500000000001,0.02952007791317631,8.541,0.5,0.17300000000000001,0.024619341989582103,0.9033333333333333,0.033536408076397586
U0802,0.80635,0.02,7.163833333333334,0.7091613121615328,0.10315,0.02896900067313334,0.8753166666666666,0.02
U0803,0.93445,0.022409707717861924,4.2571666666666665,0.7637128823495561,0.2306,0.025467547977769674,0.93615,0.02
U0804,0.8737333333333334,0.028653074296952262,4.753166666666666,0.5537885577245766,0.12971666666666667,0.02,0.8617499999999999,0.02
U0805,0.8491,0.030181848849929728,8.112,0.5551904177847454,0.11096666666666666,0.02,0.9125833333333334,0.027678758401826244
U0806,0.9592333333333333,0.021931134641569927,8.062,0.5,0.20828333333333335,0.023865239715256722,0.9159833333333333,0.02
U0807,0.8716333333333334,0.02,5.869666666666667,0.5,0.17516666666666666,0.02,0.8944166666666667,0.027042515908595972
U0808,0.8604833333333333,0.030287186509589593,9.326166666666667,0.654370358945656,0.22691666666666666,0.02,0.9264666666666667,0.025916764201317076
U0809,0.8607166666666667,0.02810120400742052,7.535333333333334,0.5,0.08096666666666667,0.02,0.9017833333333334,0.022674956817305456
U0810,0.8263833333333332,0.02,4.248333333333334,0.5,0.09423333333333332,0.021619867406315572,0.8636833333333334,0.02
U0811,0.7971499999999999,0.040265357318667844,5.100666666666666,0.5,0.15013333333333334,0.030548431492740617,0.8556666666666667,0.023521876342389576
U0812,0.83935,0.02,7.413,0.5,0.14226666666666668,0.02,0.8663166666666666,0.02
U0813,0.8673166666666666,0.0246437348359916,4.498833333333334,0.5,0.09336666666666667,0.02791484670684521,0.8208666666666667,0.020828122014878516
U0814,0.8200166666666666,0.02,6.311,0.5,0.22265000000000001,0.028550359017007122,0.9159999999999999,0.024364810690830345
U0815,0.7784333333333334,0.021143288927379923,4.5714999999999995,0.531858157782693,0.12176666666666668,0.02,0.9225833333333333,0.02289195637482011
U0816,0.84895,0.02217356534254246,5.810833333333334,0.6582930704987457,0.1781,0.0215965738023419,0.8438166666666667,0.02
U0817,0.8002833333333333,0.02,9.865833333333333,0.5,0.20085,0.02,0.9510333333333333,0.02
U0818,0.81255,0.03837930431886436,6.882000000000001,0.5,0.19973333333333332,0.022761868698915447,0.8433666666666667,0.03127418530780085
U0819,0.7965666666666666,0.025314238417670516,4.251333333333333,0.5,0.20265,0.02,0.9319333333333333,0.02168858378656075
U0820,0.7704166666666666,0.023410546056567484,3.1213333333333337,0.6250208529854557,0.13665,0.02,0.9714166666666667,0.03026353691600944
U0821,0.9373833333333333,0.025700460436861194,5.799166666666667,0.5,0.10425,0.02,0.8404333333333334,0.023395099201898396
U0822,0.8601333333333333,0.02510622764707325,2.857333333333333,0.5715804988509202,0.14001666666666668,0.02,0.8884,0.02
U0823,0.7709333333333334,0.02331520247964117,4.978666666666666,0.5,0.15506666666666666,0.02,0.8467666666666668,0.03146030302884359
U0824,0.8658666666666667,0.022884813013583208,3.908166666666667,0.5962064798932218,0.07576666666666666,0.02,0.8984833333333334,0.02262250354551118
U0825,0.77435,0.02,8.0265,0.5227399927306116,0.1331,0.02,0.8966833333333333,0.027312005907048766
U0826,0.90115,0.02,4.201833333333333,0.8193483793031305,0.1118,0.02,0.9083666666666667,0.027684845433317253
U0827,0.8003666666666667,0.023343921407224334,5.5635,0.5,0.1356,0.02,0.9860166666666667,0.02214284685099609
U0828,0.8789833333333333,0.023916305456041176,6.7523333333333335,0.5272762716704278,0.20073333333333332,0.02232466498442175,0.8853666666666666,0.026025192922755985
U0829,0.8852333333333333,0.03357503040455311,6.0375000000000005,0.675933354702962,0.10465,0.02,0.9096166666666666,0.037193086275095114
U0830,0.7446833333333333,0.031051532436687665,6.636333333333333,0.5,0.16168333333333332,0.02,0.8990666666666667,0.025836847072866053
U0831,0.7725666666666666,0.02640906410054446,5.303,0.5050635603565159,0.16240000000000002,0.02,0.91565,0.02
U0832,0.8199166666666667,0.03566098241308934,3.9393333333333334,0.5699314578672305,0.13988333333333333,0.02,0.9068666666666667,0.02671019780283676
U0833,0.8100166666666667,0.024663934533376192,2.9478333333333335,0.5,0.22656666666666667,0.02,0.8539666666666667,0.02
U0834,0.7026833333333333,0.02822073115046219,6.445,0.7884354127003682,0.12593333333333334,0.02,0.8863666666666666,0.038260980994567664
U0835,0.7591166666666668,0.03185877691730594,7.5975,0.5,0.20571666666666666,0.02,0.88705,0.030280142007593047
U0836,0.8264,0.022363988910746705,4.810666666666667,0.5,0.11861666666666666,0.022778798622110574,0.8411333333333334,0.04140558738463527
U0837,0.7893500000000001,0.02,5.948166666666666,0.5,0.08036666666666667,0.02,0.9091333333333335,0.02590819690110966
U0838,0.7697166666666666,0.023532821052025765,7.763000000000001,0.5,0.2089,0.02,0.8701,0.025013276474704336
U0839,0.84985,0.035828522157633005,6.355666666666667,0.5,0.13018333333333335,0.02,0.8820333333333333,0.02851285090387606
U0840,0.8765333333333333,0.02,6.855666666666667,0.5,0.0852,0.02,0.8212,0.030690259040940037
U0841,0.7323333333333334,0.03277063726366436,5.695333333333333,0.51798751593708,0.153,0.02011636150003275,0.82865,0.026640626869501433
U0842,0.8846166666666666,0.02,4.397833333333334,0.6134692874681394,0.07863333333333333,0.02,0.9172166666666667,0.02
U0843,0.7864666666666666,0.02664317298421244,3.0521666666666665,0.5,0.20093333333333332,0.023050697747935237,0.9087166666666667,0.020039003634578882
U0844,0.8948999999999999,0.02,4.643833333333333,0.608609371162379,0.14798333333333333,0.02,0.7911666666666667,0.02
U0845,0.9230499999999999,0.02969173285613354,5.833666666666667,0.6441216241259619,0.15718333333333334,0.02,0.8762333333333334,0.0266388187926317
U0846,0.8638833333333333,0.04138914914161277,4.504333333333333,0.5,0.05806666666666666,0.02,0.8581333333333333,0.02
U0847,0.7975333333333333,0.023807281799203075,5.375,0.6374132097783981,0.13026666666666667,0.02,0.8099166666666666,0.02
U0848,0.7508,0.02,9.277166666666666,0.5,0.03205,0.02,0.7949,0.027136838430443573
U0849,0.88395,0.023377660276426272,6.6834999999999996,0.533190678838256,0.22011666666666665,0.02,0.8224666666666667,0.032310473018305814
U0850,0.83875,0.037197997257917025,5.881166666666666,0.5,0.15888333333333332,0.02,0.9018166666666666,0.02
U0851,0.8372166666666666,0.030406145212220948,7.2175,0.5,0.15080000000000002,0.02,0.9209499999999999,0.036219262830709274
U0852,0.9244833333333333,0.02,6.508666666666667,0.5,0.13436666666666666,0.02,0.9563166666666666,0.02
U0853,0.8106833333333333,0.02,5.418666666666667,0.5,0.15203333333333333,0.02,0.9077833333333333,0.02917159006065093
U0854,0.8718833333333333,0.02,5.8933333333333335,0.5216978691413896,0.05065,0.022301188309146222,0.8659166666666667,0.027973445741750633
U0855,0.8886333333333333,0.03623361238776318,4.814666666666667,0.5,0.13754999999999998,0.02,0.8520500000000001,0.029130104702867126
U0856,0.8222999999999999,0.02,5.055499999999999,0.5,0.17651666666666666,0.02540522912053082,0.87805,0.02299075901313399
U0857,0.8431500000000001,0.031073767071277316,5.771999999999999,0.5,0.24451666666666663,0.02,0.8766166666666667,0.03197476609244651
U0858,0.7392500000000001,0.020413794355778156,4.726333333333334,0.5,0.16613333333333333,0.02,0.7794500000000001,0.02
U0859,0.6999166666666667,0.02,6.533833333333334,0.5,0.10886666666666667,0.02,0.9177,0.025247494925239606
U0860,0.85075,0.0231106685320871,5.971333333333334,0.7248375450172725,0.17981666666666665,0.02,0.9048833333333333,0.023451346798567207
U0861,0.761,0.02867040285730219,7.096166666666666,0.5,0.13943333333333333,0.026102388141062242,0.9085833333333334,0.02676583020693857
U0862,0.9458000000000001,0.0353457210988827,3.1575,0.5,0.1963,0.022816222299057314,0.7611500000000001,0.02484204097895343
U0863,0.7139166666666666,0.03343120797498451,7.317333333333334,0.5,0.18130000000000002,0.02,0.8562500000000001,0.02400839436530484
U0864,0.8443499999999999,0.021228636319839265,4.282,0.6367932160442665,0.024783333333333334,0.02,0.8780833333333332,0.02
U0865,0.9117666666666667,0.02,8.3605,0.7564064383649832,0.1103,0.02,0.8590166666666667,0.03114767514063716
U0866,0.8392499999999999,0.021940168641102136,5.146833333333333,0.8259289113880606,0.09331666666666666,0.02,0.9913,0.02
U0867,0.8898,0.02,5.5005,0.834817524971775,0.0802,0.02,0.7960333333333334,0.02180804133035947
U0868,0.68385,0.023854119141146272,7.275666666666666,0.5,0.23686666666666667,0.02,0.8845000000000001,0.030571817086983873
U0869,0.9212666666666666,0.029263128108024717,7.9816666666666665,0.5,0.17145,0.027103413069205877,0.9393666666666668,0.0330818177654534
U0870,0.80355,0.038949441587781485,5.439666666666667,0.5543575260305091,0.08215,0.02,0.8338333333333333,0.02
U0871,0.8069666666666667,0.023443350158769274,6.784,0.5,0.19075,0.02,0.8391000000000001,0.022221071081295774
U0872,0.8130666666666667,0.02,4.3475,0.5,0.09800000000000002,0.02,0.8511166666666666,0.023153091946145503
U0873,0.89405,0.02,4.519666666666667,0.5,0.09044999999999999,0.02,0.8837666666666667,0.021958111637084523
U0874,0.8810833333333333,0.025943894593269245,7.5135000000000005,0.5438969571527317,0.1612,0.0225213676316515,0.9788333333333333,0.02
U0875,0.8415,0.021753988140108912,6.8625,0.5,0.13096666666666668,0.02,0.9303666666666667,0.020359338561619967
U0876,0.8218166666666668,0.02,6.294833333333333,0.5,0.1472,0.02,0.8525666666666667,0.023533352219067032
U0877,0.8486666666666666,0.02705798711409751,7.2855,0.5,0.14163333333333333,0.02,0.7785000000000001,0.02
U0878,0.8026166666666666,0.02,8.5345,0.5,0.20483333333333334,0.02,0.8922166666666667,0.021606796770152363
U0879,0.7967,0.022031613649481075,6.8245,0.5,0.1504,0.02348505908018968,0.8484833333333333,0.022498392535171594
U0880,0.8119166666666667,0.02,3.7528333333333332,0.7465998705241428,0.20296666666666666,0.023987719080118205,0.9251166666666667,0.029058314931645058
U0881,0.8027333333333333,0.03382594664849258,5.7315,0.5,0.18051666666666666,0.02,0.8734166666666666,0.031518338577194445
U0882,0.87055,0.02,7.697333333333333,0.5,0.11288333333333334,0.020665857511041413,0.7856,0.02
U0883,0.8438500000000001,0.021489974406685538,4.6795,0.5,0.17981666666666665,0.02,0.8423666666666666,0.02478634032419204
U0884,0.9195333333333333,0.027089161424205536,7.5135000000000005,0.5590244180713396,0.1356,0.02,0.8682166666666666,0.03373671096397316
U0885,0.8704833333333334,0.02,5.148,0.5,0.21496666666666667,0.02,0.8964666666666666,0.03315283798812199
U0886,0.8299,0.02,4.7885,0.5239476118850052,0.12516666666666668,0.02,0.9329833333333334,0.030133796087892226
U0887,0.8498,0.023678091139278965,6.66,0.5652542790638566,0.13135,0.02015378376384941,0.9101333333333333,0.02
U0888,0.8239000000000001,0.02313404417735901,4.93,0.5165547405648311,0.033433333333333336,0.025391547149921104,0.92345,0.02299101998607282
U0889,0.7860333333333333,0.03919090030436484,5.024,0.5,0.22468333333333335,0.02,0.9479833333333333,0.028351748917247895
U0890,0.6678833333333333,0.02,6.541666666666667,0.5473889537309524,0.12096666666666667,0.028989768309985973,0.8772833333333333,0.020383661758051858
U0891,0.9542333333333334,0.03624034584088109,6.674166666666667,0.5,0.08915000000000001,0.020197202776622313,0.86355,0.03464833329324806
U0892,0.7688666666666667,0.03542658135731791,6.053999999999999,0.5,0.19099999999999998,0.025815654165641435,0.8399666666666668,0.027875556795634925
U0893,0.8605,0.02,2.8699999999999997,0.5,0.2007,0.02,0.9044833333333333,0.028505747958379665
U0894,0.8517666666666667,0.022375224393660634,5.943666666666666,0.5945511472250865,0.11916666666666666,0.02,0.8975333333333334,0.028613470021419413
U0895,0.9280166666666667,0.02,7.904833333333333,0.5,0.1027,0.02,0.8754,0.034208361550942507
U0896,0.9391333333333334,0.02,6.226833333333334,0.7044335076262817,0.05461666666666667,0.0331105672960562,0.8070499999999999,0.02
U0897,0.8094666666666667,0.0376495241227119,7.488666666666667,0.5,0.17003333333333334,0.02,0.8428833333333333,0.03531217448227547
U0898,0.76335,0.024608027145628736,6.681,0.5,0.027200000000000002,0.02,0.8538,0.021003618735827442
U0899,0.7998166666666666,0.02,4.3998333333333335,0.5,0.1306,0.02,0.82715,0.02
U0900,0.8458166666666666,0.033786826821509436,6.164000000000001,0.5,0.18945,0.02,0.9081166666666668,0.037947406586836326
U0901,0.70995,0.022494688261898623,7.0343333333333335,0.51217874484077,0.1953,0.02,0.9162833333333333,0.027442479236881385
U0902,0.8440500000000001,0.02,6.229833333333333,0.5,0.06523333333333332,0.02,0.89875,0.021994158315334564
U0903,0.7943666666666666,0.02,5.727333333333334,0.5705922069803151,0.21816666666666665,0.02580648497309672,0.9545666666666667,0.02
U0904,0.7531500000000001,0.02,7.040500000000001,0.9189227932748213,0.11309999999999999,0.02,0.9464166666666666,0.03884612807818389
U0905,0.8164333333333333,0.021211192014280286,6.7075,0.5936792905264591,0.13406666666666667,0.02,0.8377166666666667,0.02108766622143537
U0906,0.7671,0.0352865413436908,5.902833333333334,0.6028112197584471,0.17165,0.03068978657468964,0.8733833333333334,0.02602886218540232
U0907,0.875,0.02642120360619482,6.209833333333333,0.5,0.13961666666666667,0.02,0.87045,0.02
U0908,0.7738833333333334,0.02,6.130333333333333,0.5,0.1929,0.02,0.9002500000000001,0.02547333900375057
U0909,0.8831166666666667,0.027109660024918582,4.2835,0.5,0.13603333333333334,0.02,0.8217666666666666,0.032416148239213516
U0910,0.7417333333333334,0.02,4.574833333333333,0.5,0.17718333333333333,0.02,0.8641166666666668,0.02
U0911,0.8721,0.02846373130845631,10.109333333333334,0.5,0.17841666666666667,0.02,0.8081,0.02
U0912,0.8887999999999999,0.02,6.387833333333333,0.5762802848151816,0.15306666666666666,0.02318013517360644,0.8820166666666666,0.021018983483191266
U0913,0.7096166666666667,0.030226506028098354,5.501166666666666,0.6791528301249038,0.10618333333333334,0.02,0.7833,0.03310431995978771
U0914,0.9201833333333335,0.0205376158953922,8.373,0.5,0.19795,0.02015844736084603,0.8553000000000001,0.04598469310542367
U0915,0.9465833333333333,0.02,6.4715,0.5,0.15273333333333333,0.02,0.9316666666666666,0.02
U0916,0.94955,0.02,6.0955,0.5,0.18116666666666667,0.02,0.8958666666666666,0.02787182567875067
U0917,0.7781833333333333,0.02887901775799637,6.998666666666666,0.5,0.2278,0.02,0.9498833333333333,0.02
U0918,0.8945500000000001,0.02,5.276166666666667,0.6158799937217205,0.17855,0.02,0.8519833333333334,0.02
U0919,0.8948166666666667,0.024503503150910214,8.524333333333333,0.6930300618780304,0.1967,0.02,0.9526833333333333,0.02
U0920,0.7900833333333334,0.03663241278794869,6.4126666666666665,0.5,0.15306666666666666,0.025793461703824606,0.8525333333333333,0.02587219872114979
U0921,0.74465,0.025235669200558173,6.289833333333333,0.7525331664894687,0.11088333333333333,0.02,0.8899833333333333,0.02
U0922,0.7368,0.037876536272473484,6.327500000000001,0.5,0.14925,0.02112427513549281,0.9044333333333333,0.02
U0923,0.8611333333333334,0.03075052303078221,6.461833333333334,0.5,0.17148333333333332,0.032068390459557936,0.94775,0.02358505882969131
U0924,0.8798333333333334,0.029551288747982997,6.189833333333333,0.555235235433295,0.029433333333333336,0.02,0.85425,0.04076227422507236
U0925,0.6822499999999999,0.02131100654591426,4.8453333333333335,0.5149018029359254,0.19345,0.025233925576493253,0.9594666666666667,0.02
U0926,0.87485,0.022222398610411087,4.460166666666667,0.5,0.06526666666666667,0.025278264708374795,0.9296666666666668,0.028003190294440875
U0927,0.6995166666666667,0.02,3.5973333333333333,0.5,0.06353333333333333,0.02,0.8046166666666666,0.02
U0928,0.7601,0.02,3.9551666666666665,0.6463520454571694,0.16006666666666666,0.02,0.76645,0.020755023488302757
U0929,0.8246166666666667,0.02814302163355362,7.122666666666667,0.5483081858468527,0.12639999999999998,0.02,0.8712,0.03156105194698048
U0930,0.8634333333333334,0.024316057794524743,6.709499999999999,0.919585939431438,0.049949999999999994,0.021114994672033427,0.8610000000000001,0.02
U0931,0.78125,0.02,5.764,0.5,0.1966,0.02,0.9155333333333333,0.023186777841404934
U0932,0.7684333333333333,0.020360910261249796,6.152,0.6029640121930995,0.22726666666666664,0.03097248241046666,0.9295333333333332,0.026084912625245017
U0933,0.7413,0.02674172769287726,7.260666666666666,0.5,0.11691666666666667,0.023911538358429955,0.9347,0.030251148738519036
U0934,0.9200833333333334,0.022563015460409307,7.107333333333333,0.5,0.1457,0.02,0.8465166666666667,0.03046889670904849
U0935,0.8142333333333333,0.025579966119341654,5.3823333333333325,0.5,0.06386666666666667,0.024311122283158106,0.8595666666666667,0.023152508863331964
U0936,0.9114333333333334,0.03593965312390573,6.3405,0.5,0.17968333333333333,0.024297029996826095,0.8635166666666666,0.029382880503222745
U0937,0.9209499999999999,0.03138666914471813,7.041666666666667,0.5,0.14875,0.02,0.8102,0.02363023486975952
U0938,0.8767999999999999,0.03270382240656282,2.894833333333333,0.5,0.08856666666666667,0.02,0.8520666666666666,0.02
U0939,0.91825,0.02540533408558129,6.313166666666667,0.5,0.20783333333333331,0.02,0.8805666666666667,0.02
U0940,0.9426,0.03641823718962794,5.319833333333333,0.5,0.07558333333333334,0.020381993687239405,0.9180333333333334,0.044117373750787434
U0941,0.8362666666666666,0.02,5.374333333333333,0.5387268943227789,0.1398,0.02,0.9354,0.028434064078144018
U0942,0.9569333333333333,0.028479442878445966,6.610499999999999,0.5,0.12778333333333333,0.02,0.8755166666666666,0.024319080300592533
U0943,0.8373833333333334,0.03942721986986488,6.334333333333333,0.5,0.15445,0.02,0.8501,0.02
U0944,0.6978333333333334,0.02,5.401166666666666,0.5895419973731022,0.12785,0.02,0.87895,0.02
U0945,0.9374166666666667,0.029330967707640803,4.150666666666667,0.5,0.22248333333333334,0.02,0.8642,0.030640169712323705
U0946,0.7557166666666667,0.02030068143355455,8.096,0.5,0.1299,0.02,0.8279333333333333,0.02
U0947,0.8159166666666667,0.02,5.3485000000000005,0.5,0.17306666666666667,0.02,0.8861333333333333,0.02504720875999289
U0948,0.8913333333333333,0.03176511713604511,5.7795,0.5,0.2314166666666667,0.02,0.8817499999999999,0.027709258380548562
U0949,0.7482000000000001,0.02,5.253,0.5,0.20728333333333335,0.02,0.9483666666666667,0.03131240435780472
U0950,0.9628,0.02189894974650613,5.379666666666666,0.5,0.12315,0.02,0.8745833333333334,0.02
U0951,0.8191333333333333,0.021673824458702872,6.301166666666667,0.5,0.21425000000000002,0.024537868693103735,0.85065,0.038645711275638366
U0952,0.8730833333333333,0.026228489599415886,4.631166666666666,0.55338283915086,0.2806166666666667,0.02,0.9067500000000001,0.027521537021031384
U0953,0.7768333333333333,0.022638433396917443,5.778666666666667,0.5,0.17765,0.02,0.9208666666666666,0.04160729102773536
U0954,0.80415,0.0272142425946415,4.3745,0.630902448877796,0.11831666666666667,0.021995764743847096,0.9130166666666666,0.03164549994338322
U0955,0.8065833333333333,0.02,7.633333333333333,0.5,0.13745,0.02,0.9089833333333334,0.0475712272983015
U0956,0.7991,0.02,4.779333333333334,0.6712193878804954,0.07863333333333333,0.0329673575930293,0.8940333333333333,0.03523070630382915
U0957,0.9310999999999999,0.023322349795850347,6.434666666666666,0.5,0.2096,0.0205857232080877,0.8326166666666667,0.03230018059805031
U0958,0.8023666666666666,0.020208875937732587,5.090833333333333,0.5901482582086192,0.12448333333333333,0.02,0.8044666666666668,0.02
U0959,0.8634,0.02,7.5635,0.5,0.18011666666666667,0.025191857150013104,0.8236666666666667,0.03188797056362581
U0960,0.8730833333333333,0.027041850281862484,8.611166666666668,0.5,0.0958,0.02,0.79045,0.03520532630156975
U0961,0.7564666666666667,0.030943087542562142,9.034833333333333,0.6078168858025141,0.18989999999999999,0.02,0.7989,0.02
U0962,0.7405499999999999,0.02,7.441833333333334,0.5,0.19228333333333333,0.0212871244339546,0.9599666666666667,0.02
U0963,0.7374833333333334,0.027200765920588812,5.257666666666666,0.5,0.18066666666666667,0.02,0.9118333333333334,0.02
U0964,0.7658999999999999,0.028433782724076675,3.619333333333333,0.5,0.18733333333333332,0.02,0.9282833333333333,0.021685794121190663
U0965,0.7977833333333333,0.02,7.324166666666667,0.5,0.15051666666666666,0.02,0.8552833333333334,0.028657244575615852
U0966,0.8539,0.02004714443505608,3.5193333333333334,0.7414862552108885,0.13583333333333333,0.02244171710602081,0.98995,0.02
U0967,0.93275,0.02399606217694892,4.195333333333333,0.5526824284041122,0.16768333333333332,0.02,0.7446833333333333,0.02
U0968,0.7943666666666668,0.02,6.184,0.5,0.15745,0.02,0.9878166666666667,0.02
U0969,0.8251,0.021510369592361717,3.608333333333333,0.5,0.17593333333333336,0.02,0.9610666666666666,0.02273188656197867
U0970,0.852,0.02636512848442048,8.461333333333334,0.5,0.15001666666666666,0.02,0.9579833333333333,0.0332418661730455
U0971,0.9542333333333334,0.02,8.153500000000001,0.5,0.14448333333333332,0.02,0.8986666666666667,0.030881170098729534
U0972,0.8898333333333334,0.039028587812866944,8.290666666666667,0.5270315613572556,0.13371666666666668,0.022844116675123736,0.92545,0.02
U0973,0.8217333333333333,0.02,3.8781666666666665,0.6384861522904522,0.12016666666666666,0.02,0.89355,0.02
U0974,0.7382166666666666,0.023304541760495207,6.980166666666666,0.5137382277645561,0.09976666666666667,0.027984186010435726,0.7840833333333334,0.02
U0975,0.7036166666666667,0.02,6.955000000000001,0.6177892844651806,0.13,0.028869568753273747,0.9871,0.02
U0976,0.8419333333333334,0.02,7.268833333333333,0.5,0.1751,0.02,0.9331833333333334,0.02953218018817217
U0977,0.75535,0.029676034101611373,4.5255,0.519413034106769,0.05276666666666666,0.0208115993298609,0.8277166666666668,0.02491428639689823
U0978,0.7066333333333333,0.02,7.444333333333333,0.5,0.1344,0.02,0.9660666666666667,0.02
U0979,0.9360833333333334,0.02,4.8885000000000005,0.5,0.1148,0.028940214235558107,0.7958333333333334,0.026227746122506702
U0980,0.8387166666666667,0.025947209226941284,4.906166666666667,0.5,0.19138333333333332,0.02,0.9775333333333333,0.02
U0981,0.8982333333333333,0.02,9.351333333333335,0.6157030669622058,0.11916666666666668,0.02,0.8752,0.02
U0982,0.8469166666666667,0.02,5.9126666666666665,0.5964752020550954,0.15198333333333333,0.02,0.9132333333333333,0.024963066051001556
U0983,0.7922833333333333,0.03358472370984562,4.6226666666666665,0.5617959297348699,0.22558333333333333,0.021767445111143986,0.8399666666666666,0.03970761471892598
U0984,0.8538833333333334,0.03572737979010868,6.396833333333333,0.5,0.18661666666666665,0.028798153876015503,0.8006000000000001,0.020299556645404858
U0985,0.8792,0.02510800669109356,6.4005,0.5097833853706885,0.11916666666666668,0.02,0.8658166666666666,0.02525544825709233
U0986,0.8009666666666666,0.030901564145956517,5.0889999999999995,0.5,0.044783333333333335,0.02,0.9895333333333333,0.022428166814670043
U0987,0.7814833333333334,0.02,7.704666666666667,0.5261097477396387,0.15309999999999999,0.02,0.8743333333333334,0.02
U0988,0.7782833333333334,0.024877975533926944,4.8895,0.7092713867061041,0.1995,0.024600975590411047,0.8804666666666666,0.02
U0989,0.8752,0.02877811668612104,5.191166666666667,0.7735459693299853,0.19071666666666667,0.027668929626327547,0.8941666666666667,0.03800629772375452
U0990,0.8315166666666666,0.030240067239784178,6.038,0.5,0.16578333333333334,0.02,0.8950333333333332,0.028050216873790293
U0991,0.82375,0.02370947068156522,6.3675,0.8693801815086426,0.13521666666666668,0.02454338335818162,0.8956,0.037308926545801306
U0992,0.7719166666666667,0.02,4.120166666666667,0.5,0.13623333333333335,0.02,0.8473833333333333,0.0309860237311383
U0993,0.77795,0.02210219446118417,6.902333333333334,0.5,0.1482,0.020185539378475875,0.9585166666666667,0.02332358605932344
U0994,0.87445,0.026843826105829253,5.553999999999999,0.5,0.1464,0.02,0.9234666666666667,0.02267127404154137
U0995,0.8964500000000001,0.02,4.628333333333333,0.5,0.18803333333333336,0.020179461505864492,0.88925,0.02
U0996,0.7930166666666666,0.023107091263650355,7.737833333333334,0.5320896227767146,0.19883333333333333,0.024891096132285278,0.883,0.026416358568129683
U0997,0.739,0.02,4.4215,0.5,0.14341666666666666,0.024670258747460812,0.9056833333333333,0.027249764524976516
U0998,0.8325333333333335,0.02,6.157,0.6207746773185906,0.25096666666666667,0.023135657904340357,0.79015,0.026798787285994885
U0999,0.9232,0.02285607140345865,5.3806666666666665,0.5,0.13918333333333333,0.02,0.9150833333333334,0.030906013438595795
U1000,0.7304333333333334,0.021857874248578407,7.1555,0.501507627060646,0.050383333333333336,0.02,0.8437666666666667,0.02
